month,use_case,country,mrr_movement,customer_count,mrr_change_usd,mrr_usd
2023-01-01,b2b_course_sellers,Brazil,new,2,66.68,66.68
2023-01-01,b2b_course_sellers,France,new,1,26.18,26.18
2023-01-01,b2b_course_sellers,Germany,new,3,152.86,152.86
2023-01-01,b2b_course_sellers,India,new,1,40.5,40.5
2023-01-01,b2b_course_sellers,Netherlands,new,3,384.0,384.0
2023-01-01,b2b_course_sellers,United Kingdom,new,2,452.18,452.18
2023-01-01,b2b_course_sellers,United States,new,1,271.64,271.64
2023-01-01,b2c_course_sellers,Australia,new,1,141.0,141.0
2023-01-01,b2c_course_sellers,Brazil,new,2,412.64,412.64
2023-01-01,b2c_course_sellers,Canada,new,1,271.64,271.64
2023-01-01,b2c_course_sellers,France,new,2,697.64,697.64
2023-01-01,b2c_course_sellers,Germany,new,2,512.18,512.18
2023-01-01,b2c_course_sellers,Netherlands,new,1,40.5,40.5
2023-01-01,b2c_course_sellers,Spain,new,1,40.5,40.5
2023-01-01,b2c_course_sellers,United Kingdom,new,4,585.0,585.0
2023-01-01,b2c_course_sellers,United States,new,1,141.0,141.0
2023-01-01,corporate_training,Australia,new,1,141.0,141.0
2023-01-01,corporate_training,Brazil,new,2,567.0,567.0
2023-01-01,corporate_training,Canada,new,1,86.18,86.18
2023-01-01,corporate_training,France,new,1,426.0,426.0
2023-01-01,corporate_training,Germany,new,1,271.64,271.64
2023-01-01,corporate_training,India,new,2,112.36,112.36
2023-01-01,corporate_training,Netherlands,new,2,297.82,297.82
2023-01-01,corporate_training,Spain,new,1,86.18,86.18
2023-01-01,corporate_training,United Kingdom,new,2,297.82,297.82
2023-01-01,corporate_training,United States,new,1,86.18,86.18
2023-01-01,customer_training,Australia,new,2,81.0,81.0
2023-01-01,customer_training,Brazil,new,3,1123.64,1123.64
2023-01-01,customer_training,France,new,4,594.14,594.14
2023-01-01,customer_training,Germany,new,2,452.18,452.18
2023-01-01,customer_training,Spain,new,1,40.5,40.5
2023-01-01,government_ngos,Australia,new,1,26.18,26.18
2023-01-01,government_ngos,Brazil,new,2,126.68,126.68
2023-01-01,government_ngos,Canada,new,1,141.0,141.0
2023-01-01,government_ngos,Germany,new,2,172.36,172.36
2023-01-01,government_ngos,India,new,2,357.82,357.82
2023-01-01,government_ngos,Netherlands,new,1,141.0,141.0
2023-01-01,government_ngos,United Kingdom,new,2,172.36,172.36
2023-01-01,government_ngos,United States,new,1,271.64,271.64
2023-02-01,b2b_course_sellers,Brazil,expansion,1,59.83,86.01
2023-02-01,b2b_course_sellers,Brazil,retained,1,0.0,40.5
2023-02-01,b2b_course_sellers,France,retained,1,0.0,26.18
2023-02-01,b2b_course_sellers,Germany,expansion,1,59.83,86.01
2023-02-01,b2b_course_sellers,Germany,retained,2,0.0,126.68
2023-02-01,b2b_course_sellers,India,retained,1,0.0,40.5
2023-02-01,b2b_course_sellers,Netherlands,retained,3,0.0,384.0
2023-02-01,b2b_course_sellers,United Kingdom,retained,2,0.0,452.18
2023-02-01,b2b_course_sellers,United States,retained,1,0.0,271.64
2023-02-01,b2c_course_sellers,Australia,retained,1,0.0,141.0
2023-02-01,b2c_course_sellers,Brazil,retained,2,0.0,412.64
2023-02-01,b2c_course_sellers,Canada,retained,1,0.0,271.64
2023-02-01,b2c_course_sellers,France,retained,2,0.0,697.64
2023-02-01,b2c_course_sellers,Germany,retained,2,0.0,512.18
2023-02-01,b2c_course_sellers,Netherlands,retained,1,0.0,40.5
2023-02-01,b2c_course_sellers,Spain,retained,1,0.0,40.5
2023-02-01,b2c_course_sellers,United Kingdom,contraction,1,-187.24,84.4
2023-02-01,b2c_course_sellers,United Kingdom,retained,3,0.0,313.36
2023-02-01,b2c_course_sellers,United States,retained,1,0.0,141.0
2023-02-01,corporate_training,Australia,contraction,1,-144.37,-3.37
2023-02-01,corporate_training,Brazil,retained,2,0.0,567.0
2023-02-01,corporate_training,Canada,retained,1,0.0,86.18
2023-02-01,corporate_training,France,retained,1,0.0,426.0
2023-02-01,corporate_training,Germany,retained,1,0.0,271.64
2023-02-01,corporate_training,India,retained,2,0.0,112.36
2023-02-01,corporate_training,Netherlands,expansion,1,59.83,86.01
2023-02-01,corporate_training,Netherlands,retained,1,0.0,271.64
2023-02-01,corporate_training,Spain,contraction,1,-60.57,25.61
2023-02-01,corporate_training,United Kingdom,retained,2,0.0,297.82
2023-02-01,corporate_training,United States,retained,1,0.0,86.18
2023-02-01,customer_training,Australia,retained,2,0.0,81.0
2023-02-01,customer_training,Brazil,retained,3,0.0,1123.64
2023-02-01,customer_training,France,retained,4,0.0,594.14
2023-02-01,customer_training,Germany,retained,2,0.0,452.18
2023-02-01,customer_training,Spain,retained,1,0.0,40.5
2023-02-01,government_ngos,Australia,retained,1,0.0,26.18
2023-02-01,government_ngos,Brazil,retained,2,0.0,126.68
2023-02-01,government_ngos,Canada,new,1,40.5,40.5
2023-02-01,government_ngos,Canada,retained,1,0.0,141.0
2023-02-01,government_ngos,Germany,retained,2,0.0,172.36
2023-02-01,government_ngos,India,expansion,1,184.89,271.07
2023-02-01,government_ngos,India,retained,1,0.0,271.64
2023-02-01,government_ngos,Netherlands,expansion,1,241.13,382.13
2023-02-01,government_ngos,United Kingdom,retained,2,0.0,172.36
2023-02-01,government_ngos,United States,contraction,1,-187.24,84.4
2023-03-01,b2b_course_sellers,Brazil,retained,1,0.0,86.01
2023-03-01,b2b_course_sellers,France,retained,1,0.0,26.18
2023-03-01,b2b_course_sellers,Germany,retained,2,0.0,172.19
2023-03-01,b2b_course_sellers,Netherlands,retained,3,0.0,384.0
2023-03-01,b2b_course_sellers,United Kingdom,new,1,271.64,271.64
2023-03-01,b2b_course_sellers,United Kingdom,retained,1,0.0,26.18
2023-03-01,b2b_course_sellers,United States,retained,1,0.0,271.64
2023-03-01,b2c_course_sellers,Brazil,retained,1,0.0,271.64
2023-03-01,b2c_course_sellers,Canada,retained,1,0.0,271.64
2023-03-01,b2c_course_sellers,France,retained,1,0.0,271.64
2023-03-01,b2c_course_sellers,Germany,retained,1,0.0,86.18
2023-03-01,b2c_course_sellers,Spain,expansion,1,100.5,141.0
2023-03-01,b2c_course_sellers,United Kingdom,expansion,2,366.66,539.02
2023-03-01,b2c_course_sellers,United Kingdom,retained,1,0.0,84.4
2023-03-01,corporate_training,Australia,expansion,1,43.87,40.5
2023-03-01,corporate_training,Brazil,contraction,1,-285.0,141.0
2023-03-01,corporate_training,Canada,retained,1,0.0,86.18
2023-03-01,corporate_training,France,contraction,1,-285.0,141.0
2023-03-01,corporate_training,Germany,retained,1,0.0,271.64
2023-03-01,corporate_training,India,retained,2,0.0,112.36
2023-03-01,corporate_training,Netherlands,retained,2,0.0,357.65
2023-03-01,corporate_training,Spain,retained,1,0.0,25.61
2023-03-01,corporate_training,United Kingdom,retained,2,0.0,297.82
2023-03-01,corporate_training,United States,retained,1,0.0,86.18
2023-03-01,customer_training,Brazil,retained,1,0.0,271.64
2023-03-01,customer_training,France,contraction,1,-192.15,79.49
2023-03-01,customer_training,Germany,retained,1,0.0,26.18
2023-03-01,government_ngos,Australia,retained,1,0.0,26.18
2023-03-01,government_ngos,Brazil,retained,1,0.0,86.18
2023-03-01,government_ngos,Canada,retained,1,0.0,40.5
2023-03-01,government_ngos,Germany,retained,2,0.0,172.36
2023-03-01,government_ngos,India,retained,2,0.0,542.71
2023-03-01,government_ngos,Netherlands,expansion,1,43.87,426.0
2023-03-01,government_ngos,United Kingdom,contraction,1,-62.13,24.05
2023-03-01,government_ngos,United Kingdom,retained,1,0.0,86.18
2023-03-01,government_ngos,United States,retained,1,0.0,84.4
2023-04-01,b2b_course_sellers,Brazil,reactivation,1,0.0,40.5
2023-04-01,b2b_course_sellers,Brazil,retained,1,0.0,86.01
2023-04-01,b2b_course_sellers,France,retained,1,0.0,26.18
2023-04-01,b2b_course_sellers,Germany,reactivation,1,0.0,40.5
2023-04-01,b2b_course_sellers,Germany,retained,2,0.0,172.19
2023-04-01,b2b_course_sellers,Netherlands,retained,3,0.0,384.0
2023-04-01,b2b_course_sellers,Spain,new,1,141.0,141.0
2023-04-01,b2b_course_sellers,United Kingdom,reactivation,1,0.0,426.0
2023-04-01,b2b_course_sellers,United Kingdom,retained,2,0.0,297.82
2023-04-01,b2b_course_sellers,United States,retained,1,0.0,271.64
2023-04-01,b2c_course_sellers,Australia,reactivation,1,0.0,141.0
2023-04-01,b2c_course_sellers,Brazil,contraction,1,-195.22,76.42
2023-04-01,b2c_course_sellers,Brazil,reactivation,1,285.0,426.0
2023-04-01,b2c_course_sellers,Canada,retained,1,0.0,271.64
2023-04-01,b2c_course_sellers,France,contraction,1,-195.22,76.42
2023-04-01,b2c_course_sellers,France,reactivation,1,0.0,426.0
2023-04-01,b2c_course_sellers,Germany,reactivation,1,-285.0,141.0
2023-04-01,b2c_course_sellers,Germany,retained,1,0.0,86.18
2023-04-01,b2c_course_sellers,India,new,1,271.64,271.64
2023-04-01,b2c_course_sellers,Netherlands,reactivation,1,0.0,40.5
2023-04-01,b2c_course_sellers,Spain,new,1,40.5,40.5
2023-04-01,b2c_course_sellers,Spain,retained,1,0.0,141.0
2023-04-01,b2c_course_sellers,United Kingdom,reactivation,1,0.0,141.0
2023-04-01,b2c_course_sellers,United Kingdom,retained,3,0.0,623.42
2023-04-01,corporate_training,Brazil,reactivation,1,0.0,141.0
2023-04-01,corporate_training,Brazil,retained,1,0.0,141.0
2023-04-01,corporate_training,Canada,retained,1,0.0,86.18
2023-04-01,corporate_training,France,expansion,1,239.02,380.02
2023-04-01,corporate_training,Germany,retained,1,0.0,271.64
2023-04-01,corporate_training,India,expansion,1,182.36,268.54
2023-04-01,corporate_training,India,retained,1,0.0,26.18
2023-04-01,corporate_training,Netherlands,retained,2,0.0,357.65
2023-04-01,corporate_training,Spain,expansion,1,59.35,84.96
2023-04-01,corporate_training,United Kingdom,retained,2,0.0,297.82
2023-04-01,corporate_training,United States,retained,1,0.0,86.18
2023-04-01,customer_training,Australia,reactivation,2,0.0,81.0
2023-04-01,customer_training,Brazil,reactivation,2,0.0,852.0
2023-04-01,customer_training,Brazil,retained,1,0.0,271.64
2023-04-01,customer_training,France,reactivation,3,285.0,607.5
2023-04-01,customer_training,France,retained,1,0.0,79.49
2023-04-01,customer_training,Germany,expansion,1,59.06,85.24
2023-04-01,customer_training,Germany,reactivation,1,0.0,426.0
2023-04-01,customer_training,Spain,reactivation,1,0.0,40.5
2023-04-01,government_ngos,Australia,retained,1,0.0,26.18
2023-04-01,government_ngos,Brazil,reactivation,1,0.0,40.5
2023-04-01,government_ngos,Brazil,retained,1,0.0,86.18
2023-04-01,government_ngos,Canada,reactivation,1,0.0,141.0
2023-04-01,government_ngos,Germany,retained,2,0.0,172.36
2023-04-01,government_ngos,India,retained,2,0.0,542.71
2023-04-01,government_ngos,United Kingdom,retained,2,0.0,110.23
2023-04-01,government_ngos,United States,retained,1,0.0,84.4
2023-05-01,b2b_course_sellers,Brazil,expansion,1,86.7,127.2
2023-05-01,b2b_course_sellers,Brazil,retained,1,0.0,86.01
2023-05-01,b2b_course_sellers,Canada,new,1,426.0,426.0
2023-05-01,b2b_course_sellers,France,retained,1,0.0,26.18
2023-05-01,b2b_course_sellers,Germany,expansion,1,180.74,266.92
2023-05-01,b2b_course_sellers,Germany,retained,2,0.0,126.51
2023-05-01,b2b_course_sellers,India,new,2,452.18,452.18
2023-05-01,b2b_course_sellers,Netherlands,retained,3,0.0,384.0
2023-05-01,b2b_course_sellers,Spain,retained,1,0.0,141.0
2023-05-01,b2b_course_sellers,United Kingdom,retained,3,0.0,723.82
2023-05-01,b2b_course_sellers,United States,retained,1,0.0,271.64
2023-05-01,b2c_course_sellers,Australia,retained,1,0.0,141.0
2023-05-01,b2c_course_sellers,Brazil,retained,2,0.0,502.42
2023-05-01,b2c_course_sellers,Canada,retained,1,0.0,271.64
2023-05-01,b2c_course_sellers,France,retained,2,0.0,502.42
2023-05-01,b2c_course_sellers,Germany,retained,2,0.0,227.18
2023-05-01,b2c_course_sellers,India,retained,1,0.0,271.64
2023-05-01,b2c_course_sellers,Netherlands,retained,1,0.0,40.5
2023-05-01,b2c_course_sellers,Spain,retained,1,0.0,40.5
2023-05-01,b2c_course_sellers,United Kingdom,retained,4,0.0,764.42
2023-05-01,corporate_training,Brazil,retained,1,0.0,141.0
2023-05-01,corporate_training,Canada,retained,1,0.0,86.18
2023-05-01,corporate_training,France,expansion,1,45.98,426.0
2023-05-01,corporate_training,Germany,retained,1,0.0,271.64
2023-05-01,corporate_training,India,expansion,1,58.56,84.74
2023-05-01,corporate_training,India,retained,1,0.0,268.54
2023-05-01,corporate_training,Netherlands,retained,2,0.0,357.65
2023-05-01,corporate_training,Spain,retained,1,0.0,84.96
2023-05-01,corporate_training,United Kingdom,retained,2,0.0,297.82
2023-05-01,corporate_training,United States,retained,1,0.0,86.18
2023-05-01,customer_training,Australia,retained,2,0.0,81.0
2023-05-01,customer_training,Brazil,retained,3,0.0,1123.64
2023-05-01,customer_training,France,contraction,1,-148.53,-7.53
2023-05-01,customer_training,France,retained,3,0.0,545.99
2023-05-01,customer_training,Germany,expansion,1,184.61,269.85
2023-05-01,customer_training,Germany,retained,1,0.0,426.0
2023-05-01,customer_training,Spain,expansion,1,86.7,127.2
2023-05-01,government_ngos,Australia,retained,1,0.0,26.18
2023-05-01,government_ngos,Brazil,expansion,1,86.7,127.2
2023-05-01,government_ngos,Brazil,retained,1,0.0,86.18
2023-05-01,government_ngos,Canada,reactivation,1,0.0,40.5
2023-05-01,government_ngos,Canada,retained,1,0.0,141.0
2023-05-01,government_ngos,Germany,retained,2,0.0,172.36
2023-05-01,government_ngos,India,contraction,1,-200.34,71.3
2023-05-01,government_ngos,India,retained,1,0.0,271.07
2023-05-01,government_ngos,Netherlands,reactivation,1,0.0,426.0
2023-05-01,government_ngos,United Kingdom,retained,2,0.0,110.23
2023-05-01,government_ngos,United States,retained,1,0.0,84.4
2023-06-01,b2b_course_sellers,Brazil,expansion,1,13.8,141.0
2023-06-01,b2b_course_sellers,Brazil,retained,1,0.0,86.01
2023-06-01,b2b_course_sellers,Canada,retained,1,0.0,426.0
2023-06-01,b2b_course_sellers,France,retained,1,0.0,26.18
2023-06-01,b2b_course_sellers,Germany,retained,2,0.0,352.93
2023-06-01,b2b_course_sellers,India,expansion,1,59.82,86.0
2023-06-01,b2b_course_sellers,India,retained,1,0.0,426.0
2023-06-01,b2b_course_sellers,Netherlands,retained,3,0.0,384.0
2023-06-01,b2b_course_sellers,United Kingdom,retained,2,0.0,297.82
2023-06-01,b2b_course_sellers,United States,retained,1,0.0,271.64
2023-06-01,b2c_course_sellers,Brazil,retained,1,0.0,76.42
2023-06-01,b2c_course_sellers,Canada,retained,1,0.0,271.64
2023-06-01,b2c_course_sellers,France,retained,1,0.0,76.42
2023-06-01,b2c_course_sellers,Germany,retained,1,0.0,86.18
2023-06-01,b2c_course_sellers,India,retained,1,0.0,271.64
2023-06-01,b2c_course_sellers,United Kingdom,contraction,2,-293.94,116.57
2023-06-01,b2c_course_sellers,United Kingdom,retained,2,0.0,353.91
2023-06-01,corporate_training,Brazil,new,1,26.18,26.18
2023-06-01,corporate_training,Brazil,reactivation,1,0.0,141.0
2023-06-01,corporate_training,Canada,retained,1,0.0,86.18
2023-06-01,corporate_training,Germany,retained,1,0.0,271.64
2023-06-01,corporate_training,India,retained,2,0.0,353.28
2023-06-01,corporate_training,Netherlands,retained,2,0.0,357.65
2023-06-01,corporate_training,Spain,retained,1,0.0,84.96
2023-06-01,corporate_training,United Kingdom,retained,2,0.0,297.82
2023-06-01,corporate_training,United States,retained,1,0.0,86.18
2023-06-01,customer_training,Brazil,contraction,1,-285.0,141.0
2023-06-01,customer_training,Brazil,retained,1,0.0,271.64
2023-06-01,customer_training,France,contraction,1,-285.0,141.0
2023-06-01,customer_training,France,expansion,1,48.03,40.5
2023-06-01,customer_training,France,retained,1,0.0,79.49
2023-06-01,customer_training,Germany,retained,1,0.0,269.85
2023-06-01,customer_training,Spain,expansion,1,13.8,141.0
2023-06-01,government_ngos,Australia,expansion,1,58.04,84.22
2023-06-01,government_ngos,Brazil,expansion,1,13.8,141.0
2023-06-01,government_ngos,Brazil,retained,1,0.0,86.18
2023-06-01,government_ngos,Canada,retained,1,0.0,40.5
2023-06-01,government_ngos,Germany,retained,2,0.0,172.36
2023-06-01,government_ngos,India,retained,2,0.0,342.37
2023-06-01,government_ngos,Netherlands,retained,1,0.0,426.0
2023-06-01,government_ngos,United Kingdom,expansion,1,179.0,265.18
2023-06-01,government_ngos,United Kingdom,retained,1,0.0,24.05
2023-06-01,government_ngos,United States,expansion,1,180.74,265.14
2023-07-01,b2b_course_sellers,Brazil,contraction,1,-100.5,40.5
2023-07-01,b2b_course_sellers,Brazil,expansion,1,178.57,264.58
2023-07-01,b2b_course_sellers,France,retained,1,0.0,26.18
2023-07-01,b2b_course_sellers,Germany,reactivation,1,0.0,40.5
2023-07-01,b2b_course_sellers,Germany,retained,2,0.0,352.93
2023-07-01,b2b_course_sellers,India,retained,1,0.0,86.0
2023-07-01,b2b_course_sellers,Netherlands,contraction,2,-284.48,73.34
2023-07-01,b2b_course_sellers,Netherlands,retained,1,0.0,26.18
2023-07-01,b2b_course_sellers,Spain,reactivation,1,0.0,141.0
2023-07-01,b2b_course_sellers,United Kingdom,contraction,1,-198.39,73.25
2023-07-01,b2b_course_sellers,United Kingdom,new,1,26.18,26.18
2023-07-01,b2b_course_sellers,United Kingdom,reactivation,1,0.0,426.0
2023-07-01,b2b_course_sellers,United Kingdom,retained,1,0.0,26.18
2023-07-01,b2b_course_sellers,United States,retained,1,0.0,271.64
2023-07-01,b2c_course_sellers,Australia,reactivation,1,0.0,141.0
2023-07-01,b2c_course_sellers,Brazil,reactivation,1,-285.0,141.0
2023-07-01,b2c_course_sellers,Brazil,retained,1,0.0,76.42
2023-07-01,b2c_course_sellers,Canada,retained,1,0.0,271.64
2023-07-01,b2c_course_sellers,France,reactivation,1,0.0,426.0
2023-07-01,b2c_course_sellers,France,retained,1,0.0,76.42
2023-07-01,b2c_course_sellers,Germany,reactivation,1,0.0,141.0
2023-07-01,b2c_course_sellers,Germany,retained,1,0.0,86.18
2023-07-01,b2c_course_sellers,India,retained,1,0.0,271.64
2023-07-01,b2c_course_sellers,Netherlands,reactivation,1,0.0,40.5
2023-07-01,b2c_course_sellers,Spain,reactivation,1,100.5,141.0
2023-07-01,b2c_course_sellers,United Kingdom,retained,4,0.0,470.48
2023-07-01,corporate_training,Brazil,reactivation,1,0.0,141.0
2023-07-01,corporate_training,Brazil,retained,2,0.0,167.18
2023-07-01,corporate_training,Canada,retained,1,0.0,86.18
2023-07-01,corporate_training,France,reactivation,1,0.0,426.0
2023-07-01,corporate_training,Germany,retained,1,0.0,271.64
2023-07-01,corporate_training,India,retained,2,0.0,353.28
2023-07-01,corporate_training,Netherlands,expansion,1,178.57,264.58
2023-07-01,corporate_training,Netherlands,retained,1,0.0,271.64
2023-07-01,corporate_training,Spain,retained,1,0.0,84.96
2023-07-01,corporate_training,United Kingdom,retained,2,0.0,297.82
2023-07-01,corporate_training,United States,retained,1,0.0,86.18
2023-07-01,customer_training,Brazil,retained,2,0.0,412.64
2023-07-01,customer_training,France,reactivation,1,0.0,40.5
2023-07-01,customer_training,France,retained,2,0.0,220.49
2023-07-01,customer_training,Germany,reactivation,1,0.0,426.0
2023-07-01,customer_training,Germany,retained,1,0.0,269.85
2023-07-01,government_ngos,Australia,retained,1,0.0,84.22
2023-07-01,government_ngos,Brazil,retained,1,0.0,86.18
2023-07-01,government_ngos,Germany,expansion,1,176.06,262.24
2023-07-01,government_ngos,Germany,retained,1,0.0,86.18
2023-07-01,government_ngos,India,expansion,1,183.86,255.16
2023-07-01,government_ngos,India,retained,1,0.0,271.07
2023-07-01,government_ngos,United Kingdom,retained,2,0.0,289.23
2023-07-01,government_ngos,United States,retained,1,0.0,265.14
2023-08-01,b2b_course_sellers,Brazil,retained,2,0.0,305.08
2023-08-01,b2b_course_sellers,Canada,reactivation,1,0.0,426.0
2023-08-01,b2b_course_sellers,France,retained,1,0.0,26.18
2023-08-01,b2b_course_sellers,Germany,expansion,1,87.29,127.79
2023-08-01,b2b_course_sellers,Germany,retained,2,0.0,352.93
2023-08-01,b2b_course_sellers,India,reactivation,1,0.0,426.0
2023-08-01,b2b_course_sellers,India,retained,1,0.0,86.0
2023-08-01,b2b_course_sellers,Netherlands,expansion,1,184.87,241.43
2023-08-01,b2b_course_sellers,Netherlands,retained,2,0.0,42.96
2023-08-01,b2b_course_sellers,Spain,expansion,1,239.02,380.02
2023-08-01,b2b_course_sellers,United Kingdom,contraction,1,-423.91,2.09
2023-08-01,b2b_course_sellers,United Kingdom,retained,3,0.0,125.61
2023-08-01,b2b_course_sellers,United States,retained,1,0.0,271.64
2023-08-01,b2c_course_sellers,Australia,retained,1,0.0,141.0
2023-08-01,b2c_course_sellers,Brazil,retained,2,0.0,217.42
2023-08-01,b2c_course_sellers,Canada,retained,1,0.0,271.64
2023-08-01,b2c_course_sellers,France,retained,2,0.0,502.42
2023-08-01,b2c_course_sellers,Germany,retained,2,0.0,227.18
2023-08-01,b2c_course_sellers,India,retained,1,0.0,271.64
2023-08-01,b2c_course_sellers,Netherlands,new,1,86.18,86.18
2023-08-01,b2c_course_sellers,Netherlands,retained,1,0.0,40.5
2023-08-01,b2c_course_sellers,Spain,retained,1,0.0,141.0
2023-08-01,b2c_course_sellers,United Kingdom,retained,3,0.0,429.98
2023-08-01,corporate_training,Brazil,retained,2,0.0,167.18
2023-08-01,corporate_training,Canada,retained,1,0.0,86.18
2023-08-01,corporate_training,France,new,1,271.64,271.64
2023-08-01,corporate_training,France,retained,1,0.0,426.0
2023-08-01,corporate_training,Germany,retained,1,0.0,271.64
2023-08-01,corporate_training,India,contraction,1,-198.39,70.15
2023-08-01,corporate_training,India,expansion,1,182.93,267.67
2023-08-01,corporate_training,Netherlands,contraction,1,-187.31,77.27
2023-08-01,corporate_training,Netherlands,retained,1,0.0,271.64
2023-08-01,corporate_training,Spain,retained,1,0.0,84.96
2023-08-01,corporate_training,United Kingdom,retained,2,0.0,297.82
2023-08-01,corporate_training,United States,new,1,26.18,26.18
2023-08-01,corporate_training,United States,retained,1,0.0,86.18
2023-08-01,customer_training,Brazil,retained,1,0.0,271.64
2023-08-01,customer_training,France,reactivation,1,0.0,40.5
2023-08-01,customer_training,France,retained,2,0.0,119.99
2023-08-01,customer_training,Germany,retained,2,0.0,695.85
2023-08-01,customer_training,Netherlands,new,1,26.18,26.18
2023-08-01,customer_training,Spain,reactivation,1,0.0,141.0
2023-08-01,government_ngos,Australia,retained,1,0.0,84.22
2023-08-01,government_ngos,Brazil,reactivation,1,0.0,141.0
2023-08-01,government_ngos,Brazil,retained,1,0.0,86.18
2023-08-01,government_ngos,Canada,reactivation,1,0.0,40.5
2023-08-01,government_ngos,Germany,retained,2,0.0,348.42
2023-08-01,government_ngos,India,retained,2,0.0,526.23
2023-08-01,government_ngos,Netherlands,reactivation,1,0.0,426.0
2023-08-01,government_ngos,United Kingdom,retained,2,0.0,289.23
2023-08-01,government_ngos,United States,retained,1,0.0,265.14
2023-09-01,b2b_course_sellers,Brazil,retained,1,0.0,264.58
2023-09-01,b2b_course_sellers,Canada,retained,1,0.0,426.0
2023-09-01,b2b_course_sellers,France,retained,1,0.0,26.18
2023-09-01,b2b_course_sellers,Germany,expansion,2,424.52,638.32
2023-09-01,b2b_course_sellers,Germany,retained,1,0.0,266.92
2023-09-01,b2b_course_sellers,India,retained,2,0.0,512.0
2023-09-01,b2b_course_sellers,Netherlands,retained,3,0.0,284.39
2023-09-01,b2b_course_sellers,Spain,expansion,1,45.98,426.0
2023-09-01,b2b_course_sellers,United Kingdom,expansion,2,198.51,226.78
2023-09-01,b2b_course_sellers,United Kingdom,retained,2,0.0,99.43
2023-09-01,b2b_course_sellers,United States,retained,1,0.0,271.64
2023-09-01,b2c_course_sellers,Brazil,retained,1,0.0,76.42
2023-09-01,b2c_course_sellers,Canada,contraction,1,-246.73,24.91
2023-09-01,b2c_course_sellers,France,retained,1,0.0,76.42
2023-09-01,b2c_course_sellers,Germany,retained,1,0.0,86.18
2023-09-01,b2c_course_sellers,India,retained,1,0.0,271.64
2023-09-01,b2c_course_sellers,Netherlands,retained,1,0.0,86.18
2023-09-01,b2c_course_sellers,United Kingdom,reactivation,1,0.0,40.5
2023-09-01,b2c_course_sellers,United Kingdom,retained,3,0.0,429.98
2023-09-01,corporate_training,Brazil,reactivation,1,0.0,141.0
2023-09-01,corporate_training,Brazil,retained,1,0.0,26.18
2023-09-01,corporate_training,Canada,retained,1,0.0,86.18
2023-09-01,corporate_training,France,retained,1,0.0,271.64
2023-09-01,corporate_training,Germany,retained,1,0.0,271.64
2023-09-01,corporate_training,India,retained,2,0.0,337.82
2023-09-01,corporate_training,Netherlands,retained,2,0.0,348.91
2023-09-01,corporate_training,Spain,retained,1,0.0,84.96
2023-09-01,corporate_training,United Kingdom,retained,2,0.0,297.82
2023-09-01,corporate_training,United States,retained,2,0.0,112.36
2023-09-01,customer_training,Brazil,reactivation,1,0.0,141.0
2023-09-01,customer_training,Brazil,retained,1,0.0,271.64
2023-09-01,customer_training,France,expansion,1,177.36,256.85
2023-09-01,customer_training,France,reactivation,1,0.0,141.0
2023-09-01,customer_training,France,retained,1,0.0,40.5
2023-09-01,customer_training,Germany,retained,1,0.0,269.85
2023-09-01,customer_training,Netherlands,retained,1,0.0,26.18
2023-09-01,customer_training,Spain,contraction,1,-146.48,-5.48
2023-09-01,government_ngos,Australia,contraction,1,-62.53,21.69
2023-09-01,government_ngos,Brazil,retained,2,0.0,227.18
2023-09-01,government_ngos,Canada,retained,1,0.0,40.5
2023-09-01,government_ngos,Germany,retained,2,0.0,348.42
2023-09-01,government_ngos,India,retained,2,0.0,526.23
2023-09-01,government_ngos,Netherlands,retained,1,0.0,426.0
2023-09-01,government_ngos,United Kingdom,retained,2,0.0,289.23
2023-09-01,government_ngos,United States,retained,1,0.0,265.14
2023-10-01,b2b_course_sellers,Brazil,reactivation,1,0.0,40.5
2023-10-01,b2b_course_sellers,Brazil,retained,1,0.0,264.58
2023-10-01,b2b_course_sellers,France,retained,1,0.0,26.18
2023-10-01,b2b_course_sellers,Germany,expansion,1,45.98,426.0
2023-10-01,b2b_course_sellers,Germany,retained,2,0.0,525.22
2023-10-01,b2b_course_sellers,India,retained,1,0.0,86.0
2023-10-01,b2b_course_sellers,Netherlands,retained,3,0.0,284.39
2023-10-01,b2b_course_sellers,United Kingdom,expansion,3,517.81,758.24
2023-10-01,b2b_course_sellers,United Kingdom,retained,1,0.0,85.78
2023-10-01,b2b_course_sellers,United States,retained,1,0.0,271.64
2023-10-01,b2c_course_sellers,Brazil,reactivation,1,0.0,141.0
2023-10-01,b2c_course_sellers,Brazil,retained,1,0.0,76.42
2023-10-01,b2c_course_sellers,Canada,retained,1,0.0,24.91
2023-10-01,b2c_course_sellers,France,reactivation,1,0.0,426.0
2023-10-01,b2c_course_sellers,France,retained,1,0.0,76.42
2023-10-01,b2c_course_sellers,Germany,reactivation,1,0.0,141.0
2023-10-01,b2c_course_sellers,Germany,retained,1,0.0,86.18
2023-10-01,b2c_course_sellers,India,retained,1,0.0,271.64
2023-10-01,b2c_course_sellers,Netherlands,reactivation,1,0.0,40.5
2023-10-01,b2c_course_sellers,Netherlands,retained,1,0.0,86.18
2023-10-01,b2c_course_sellers,Spain,reactivation,1,0.0,141.0
2023-10-01,b2c_course_sellers,United Kingdom,retained,4,0.0,470.48
2023-10-01,corporate_training,Brazil,reactivation,1,0.0,141.0
2023-10-01,corporate_training,Brazil,retained,2,0.0,167.18
2023-10-01,corporate_training,Canada,retained,1,0.0,86.18
2023-10-01,corporate_training,France,contraction,1,-190.49,81.15
2023-10-01,corporate_training,France,reactivation,1,0.0,426.0
2023-10-01,corporate_training,Germany,retained,1,0.0,271.64
2023-10-01,corporate_training,India,retained,2,0.0,337.82
2023-10-01,corporate_training,Netherlands,retained,2,0.0,348.91
2023-10-01,corporate_training,Spain,retained,1,0.0,84.96
2023-10-01,corporate_training,United Kingdom,retained,2,0.0,297.82
2023-10-01,corporate_training,United States,retained,2,0.0,112.36
2023-10-01,customer_training,Brazil,expansion,1,236.97,377.97
2023-10-01,customer_training,Brazil,retained,1,0.0,271.64
2023-10-01,customer_training,France,reactivation,1,0.0,40.5
2023-10-01,customer_training,France,retained,2,0.0,397.85
2023-10-01,customer_training,Germany,reactivation,1,0.0,426.0
2023-10-01,customer_training,Germany,retained,1,0.0,269.85
2023-10-01,customer_training,Netherlands,retained,1,0.0,26.18
2023-10-01,customer_training,Spain,expansion,1,45.98,40.5
2023-10-01,government_ngos,Australia,retained,1,0.0,21.69
2023-10-01,government_ngos,Brazil,retained,1,0.0,86.18
2023-10-01,government_ngos,Germany,retained,2,0.0,348.42
2023-10-01,government_ngos,India,contraction,1,-193.44,61.72
2023-10-01,government_ngos,India,retained,1,0.0,271.07
2023-10-01,government_ngos,United Kingdom,retained,2,0.0,289.23
2023-10-01,government_ngos,United States,retained,1,0.0,265.14
2023-11-01,b2b_course_sellers,Brazil,retained,2,0.0,305.08
2023-11-01,b2b_course_sellers,Canada,reactivation,1,0.0,426.0
2023-11-01,b2b_course_sellers,France,retained,1,0.0,26.18
2023-11-01,b2b_course_sellers,Germany,contraction,1,-190.49,67.81
2023-11-01,b2b_course_sellers,Germany,retained,1,0.0,266.92
2023-11-01,b2b_course_sellers,India,reactivation,1,0.0,426.0
2023-11-01,b2b_course_sellers,India,retained,1,0.0,86.0
2023-11-01,b2b_course_sellers,Netherlands,retained,3,0.0,284.39
2023-11-01,b2b_course_sellers,United Kingdom,retained,4,0.0,844.02
2023-11-01,b2b_course_sellers,United States,retained,1,0.0,271.64
2023-11-01,b2c_course_sellers,Brazil,retained,2,0.0,217.42
2023-11-01,b2c_course_sellers,Canada,retained,1,0.0,24.91
2023-11-01,b2c_course_sellers,France,retained,2,0.0,502.42
2023-11-01,b2c_course_sellers,Germany,retained,2,0.0,227.18
2023-11-01,b2c_course_sellers,India,retained,1,0.0,271.64
2023-11-01,b2c_course_sellers,Netherlands,retained,2,0.0,126.68
2023-11-01,b2c_course_sellers,Spain,contraction,1,-146.48,-5.48
2023-11-01,b2c_course_sellers,United Kingdom,expansion,1,179.69,255.76
2023-11-01,b2c_course_sellers,United Kingdom,retained,2,0.0,353.91
2023-11-01,corporate_training,Brazil,retained,2,0.0,167.18
2023-11-01,corporate_training,Canada,retained,1,0.0,86.18
2023-11-01,corporate_training,France,retained,2,0.0,507.15
2023-11-01,corporate_training,Germany,retained,1,0.0,271.64
2023-11-01,corporate_training,India,retained,2,0.0,337.82
2023-11-01,corporate_training,Netherlands,retained,2,0.0,348.91
2023-11-01,corporate_training,Spain,retained,1,0.0,84.96
2023-11-01,corporate_training,United Kingdom,retained,2,0.0,297.82
2023-11-01,corporate_training,United States,new,2,227.18,227.18
2023-11-01,corporate_training,United States,retained,2,0.0,112.36
2023-11-01,customer_training,Brazil,contraction,1,-375.88,2.09
2023-11-01,customer_training,Brazil,retained,1,0.0,271.64
2023-11-01,customer_training,France,contraction,1,-190.49,66.36
2023-11-01,customer_training,France,expansion,1,87.29,127.79
2023-11-01,customer_training,France,new,1,271.64,271.64
2023-11-01,customer_training,France,reactivation,1,0.0,40.5
2023-11-01,customer_training,Germany,retained,2,0.0,695.85
2023-11-01,customer_training,Netherlands,retained,1,0.0,26.18
2023-11-01,customer_training,Spain,expansion,1,100.5,141.0
2023-11-01,government_ngos,Australia,retained,1,0.0,21.69
2023-11-01,government_ngos,Brazil,reactivation,1,0.0,141.0
2023-11-01,government_ngos,Brazil,retained,1,0.0,86.18
2023-11-01,government_ngos,Canada,reactivation,1,0.0,40.5
2023-11-01,government_ngos,Germany,contraction,1,-132.25,-46.07
2023-11-01,government_ngos,Germany,retained,1,0.0,262.24
2023-11-01,government_ngos,India,expansion,1,184.87,246.59
2023-11-01,government_ngos,India,retained,1,0.0,271.07
2023-11-01,government_ngos,Netherlands,reactivation,1,0.0,426.0
2023-11-01,government_ngos,United Kingdom,retained,2,0.0,289.23
2023-11-01,government_ngos,United States,retained,1,0.0,265.14
2023-12-01,b2b_course_sellers,Brazil,expansion,1,0.17,264.75
2023-12-01,b2b_course_sellers,Canada,retained,1,0.0,426.0
2023-12-01,b2b_course_sellers,Germany,expansion,2,4.89,339.62
2023-12-01,b2b_course_sellers,Germany,reactivation,1,0.0,426.0
2023-12-01,b2b_course_sellers,India,retained,2,0.0,512.0
2023-12-01,b2b_course_sellers,Netherlands,expansion,2,39.02,297.23
2023-12-01,b2b_course_sellers,United Kingdom,expansion,1,10.12,86.18
2023-12-01,b2b_course_sellers,United Kingdom,retained,2,0.0,341.96
2023-12-01,b2c_course_sellers,Brazil,expansion,1,9.76,86.18
2023-12-01,b2c_course_sellers,Canada,expansion,1,61.27,86.18
2023-12-01,b2c_course_sellers,France,contraction,1,-285.0,141.0
2023-12-01,b2c_course_sellers,France,expansion,1,9.76,86.18
2023-12-01,b2c_course_sellers,India,retained,1,0.0,271.64
2023-12-01,b2c_course_sellers,Netherlands,retained,1,0.0,86.18
2023-12-01,b2c_course_sellers,Spain,expansion,1,45.98,40.5
2023-12-01,b2c_course_sellers,United Kingdom,expansion,3,6.04,615.71
2023-12-01,b2c_course_sellers,United Kingdom,reactivation,1,0.0,40.5
2023-12-01,corporate_training,Brazil,reactivation,1,0.0,141.0
2023-12-01,corporate_training,Brazil,retained,1,0.0,26.18
2023-12-01,corporate_training,France,retained,1,0.0,81.15
2023-12-01,corporate_training,India,expansion,2,4.54,342.36
2023-12-01,corporate_training,Netherlands,expansion,1,0.17,77.44
2023-12-01,corporate_training,Spain,expansion,1,0.57,85.53
2023-12-01,corporate_training,United States,retained,3,0.0,253.36
2023-12-01,customer_training,Brazil,expansion,1,374.87,376.96
2023-12-01,customer_training,Canada,new,1,271.64,271.64
2023-12-01,customer_training,France,expansion,2,204.51,398.66
2023-12-01,customer_training,France,reactivation,1,0.0,141.0
2023-12-01,customer_training,France,retained,2,0.0,312.14
2023-12-01,customer_training,Germany,expansion,1,0.94,270.79
2023-12-01,customer_training,Netherlands,new,1,426.0,426.0
2023-12-01,customer_training,Netherlands,retained,1,0.0,26.18
2023-12-01,customer_training,Spain,retained,1,0.0,141.0
2023-12-01,government_ngos,Australia,expansion,1,1.96,23.65
2023-12-01,government_ngos,Brazil,retained,1,0.0,141.0
2023-12-01,government_ngos,Canada,retained,1,0.0,40.5
2023-12-01,government_ngos,Germany,expansion,2,81.65,297.82
2023-12-01,government_ngos,India,expansion,2,15.45,533.11
2023-12-01,government_ngos,Netherlands,contraction,1,-433.17,-7.17
2023-12-01,government_ngos,United Kingdom,expansion,2,58.96,348.19
2023-12-01,government_ngos,United States,expansion,1,1.78,266.92
2024-01-01,b2b_course_sellers,Brazil,expansion,1,6.89,271.64
2024-01-01,b2b_course_sellers,Brazil,reactivation,1,0.0,40.5
2024-01-01,b2b_course_sellers,France,reactivation,1,0.0,26.18
2024-01-01,b2b_course_sellers,Germany,contraction,1,-48.43,19.55
2024-01-01,b2b_course_sellers,Germany,retained,2,0.0,697.64
2024-01-01,b2b_course_sellers,India,retained,1,0.0,86.0
2024-01-01,b2b_course_sellers,Netherlands,retained,2,0.0,297.23
2024-01-01,b2b_course_sellers,United Kingdom,reactivation,1,0.0,426.0
2024-01-01,b2b_course_sellers,United Kingdom,retained,3,0.0,428.14
2024-01-01,b2c_course_sellers,Brazil,reactivation,1,0.0,141.0
2024-01-01,b2c_course_sellers,Brazil,retained,1,0.0,86.18
2024-01-01,b2c_course_sellers,Canada,retained,1,0.0,86.18
2024-01-01,b2c_course_sellers,France,retained,2,0.0,227.18
2024-01-01,b2c_course_sellers,Germany,reactivation,1,0.0,141.0
2024-01-01,b2c_course_sellers,India,retained,1,0.0,271.64
2024-01-01,b2c_course_sellers,Netherlands,retained,1,0.0,86.18
2024-01-01,b2c_course_sellers,Spain,new,1,26.18,26.18
2024-01-01,b2c_course_sellers,United Kingdom,retained,3,0.0,570.03
2024-01-01,corporate_training,Brazil,reactivation,1,0.0,141.0
2024-01-01,corporate_training,Brazil,retained,2,0.0,167.18
2024-01-01,corporate_training,Canada,new,1,271.64,271.64
2024-01-01,corporate_training,France,reactivation,1,0.0,426.0
2024-01-01,corporate_training,France,retained,1,0.0,81.15
2024-01-01,corporate_training,India,retained,2,0.0,342.36
2024-01-01,corporate_training,Netherlands,expansion,1,6.89,84.33
2024-01-01,corporate_training,Spain,expansion,1,0.65,86.18
2024-01-01,corporate_training,United Kingdom,reactivation,2,0.0,297.82
2024-01-01,corporate_training,United States,expansion,1,183.86,270.04
2024-01-01,corporate_training,United States,reactivation,1,0.0,86.18
2024-01-01,corporate_training,United States,retained,1,0.0,26.18
2024-01-01,customer_training,Brazil,expansion,1,49.04,426.0
2024-01-01,customer_training,Brazil,reactivation,1,-185.46,86.18
2024-01-01,customer_training,Canada,contraction,1,-187.31,84.33
2024-01-01,customer_training,Canada,new,1,426.0,426.0
2024-01-01,customer_training,France,expansion,1,285.0,426.0
2024-01-01,customer_training,France,retained,3,0.0,670.3
2024-01-01,customer_training,Germany,reactivation,1,0.0,426.0
2024-01-01,customer_training,Germany,retained,1,0.0,270.79
2024-01-01,customer_training,Netherlands,retained,2,0.0,452.18
2024-01-01,government_ngos,Australia,retained,1,0.0,23.65
2024-01-01,government_ngos,Brazil,new,1,141.0,141.0
2024-01-01,government_ngos,Brazil,reactivation,1,0.0,86.18
2024-01-01,government_ngos,Germany,expansion,1,59.51,85.69
2024-01-01,government_ngos,Germany,retained,1,0.0,271.64
2024-01-01,government_ngos,India,retained,1,0.0,261.47
2024-01-01,government_ngos,Netherlands,expansion,1,148.17,141.0
2024-01-01,government_ngos,United Kingdom,retained,2,0.0,348.19
2024-01-01,government_ngos,United States,contraction,1,-219.33,47.59
2024-02-01,b2b_course_sellers,Brazil,retained,2,0.0,312.14
2024-02-01,b2b_course_sellers,Canada,reactivation,1,0.0,426.0
2024-02-01,b2b_course_sellers,France,retained,1,0.0,26.18
2024-02-01,b2b_course_sellers,Germany,retained,2,0.0,291.19
2024-02-01,b2b_course_sellers,India,new,1,26.18,26.18
2024-02-01,b2b_course_sellers,India,reactivation,1,0.0,426.0
2024-02-01,b2b_course_sellers,India,retained,1,0.0,86.0
2024-02-01,b2b_course_sellers,Netherlands,expansion,1,56.47,82.65
2024-02-01,b2b_course_sellers,Netherlands,retained,1,0.0,271.05
2024-02-01,b2b_course_sellers,United Kingdom,expansion,1,12.93,269.11
2024-02-01,b2b_course_sellers,United Kingdom,retained,3,0.0,597.96
2024-02-01,b2c_course_sellers,Brazil,retained,2,0.0,227.18
2024-02-01,b2c_course_sellers,Canada,retained,1,0.0,86.18
2024-02-01,b2c_course_sellers,France,retained,1,0.0,86.18
2024-02-01,b2c_course_sellers,Germany,retained,1,0.0,141.0
2024-02-01,b2c_course_sellers,India,retained,1,0.0,271.64
2024-02-01,b2c_course_sellers,Netherlands,retained,1,0.0,86.18
2024-02-01,b2c_course_sellers,Spain,reactivation,1,0.0,40.5
2024-02-01,b2c_course_sellers,Spain,retained,1,0.0,26.18
2024-02-01,b2c_course_sellers,United Kingdom,expansion,1,7.98,265.87
2024-02-01,corporate_training,Brazil,contraction,1,-145.43,-4.43
2024-02-01,corporate_training,Brazil,retained,1,0.0,26.18
2024-02-01,corporate_training,Canada,retained,1,0.0,271.64
2024-02-01,corporate_training,France,retained,2,0.0,507.15
2024-02-01,corporate_training,India,retained,2,0.0,342.36
2024-02-01,corporate_training,Netherlands,retained,1,0.0,84.33
2024-02-01,corporate_training,Spain,retained,1,0.0,86.18
2024-02-01,corporate_training,United Kingdom,retained,2,0.0,297.82
2024-02-01,corporate_training,United States,new,1,40.5,40.5
2024-02-01,corporate_training,United States,reactivation,1,0.0,141.0
2024-02-01,corporate_training,United States,retained,3,0.0,382.4
2024-02-01,customer_training,Brazil,contraction,1,-285.0,141.0
2024-02-01,customer_training,Brazil,retained,1,0.0,86.18
2024-02-01,customer_training,Canada,retained,2,0.0,510.33
2024-02-01,customer_training,France,expansion,2,293.1,691.76
2024-02-01,customer_training,France,reactivation,1,100.5,141.0
2024-02-01,customer_training,France,retained,2,0.0,697.64
2024-02-01,customer_training,Germany,new,1,26.18,26.18
2024-02-01,customer_training,Germany,retained,2,0.0,696.79
2024-02-01,customer_training,Netherlands,retained,1,0.0,26.18
2024-02-01,customer_training,Spain,reactivation,1,0.0,141.0
2024-02-01,government_ngos,Australia,retained,1,0.0,23.65
2024-02-01,government_ngos,Brazil,reactivation,1,0.0,141.0
2024-02-01,government_ngos,Brazil,retained,2,0.0,227.18
2024-02-01,government_ngos,Germany,retained,2,0.0,357.33
2024-02-01,government_ngos,India,reactivation,1,0.0,271.64
2024-02-01,government_ngos,India,retained,1,0.0,261.47
2024-02-01,government_ngos,United Kingdom,expansion,1,9.63,86.18
2024-02-01,government_ngos,United Kingdom,retained,1,0.0,271.64
2024-02-01,government_ngos,United States,retained,1,0.0,47.59
2024-03-01,b2b_course_sellers,Brazil,retained,1,0.0,271.64
2024-03-01,b2b_course_sellers,Canada,contraction,1,-436.47,-10.47
2024-03-01,b2b_course_sellers,France,retained,1,0.0,26.18
2024-03-01,b2b_course_sellers,Germany,reactivation,1,0.0,426.0
2024-03-01,b2b_course_sellers,Germany,retained,2,0.0,291.19
2024-03-01,b2b_course_sellers,India,retained,3,0.0,538.18
2024-03-01,b2b_course_sellers,Netherlands,retained,2,0.0,353.7
2024-03-01,b2b_course_sellers,United Kingdom,contraction,1,-285.0,141.0
2024-03-01,b2b_course_sellers,United Kingdom,retained,3,0.0,441.07
2024-03-01,b2c_course_sellers,Canada,retained,1,0.0,86.18
2024-03-01,b2c_course_sellers,France,reactivation,1,0.0,141.0
2024-03-01,b2c_course_sellers,Netherlands,expansion,1,172.56,258.74
2024-03-01,b2c_course_sellers,Spain,expansion,1,86.1,126.6
2024-03-01,b2c_course_sellers,Spain,retained,1,0.0,26.18
2024-03-01,b2c_course_sellers,United Kingdom,reactivation,2,0.0,312.14
2024-03-01,b2c_course_sellers,United Kingdom,retained,1,0.0,265.87
2024-03-01,corporate_training,Brazil,expansion,1,44.93,40.5
2024-03-01,corporate_training,Brazil,reactivation,1,0.0,141.0
2024-03-01,corporate_training,Brazil,retained,1,0.0,26.18
2024-03-01,corporate_training,Canada,retained,1,0.0,271.64
2024-03-01,corporate_training,France,new,1,40.5,40.5
2024-03-01,corporate_training,France,retained,1,0.0,81.15
2024-03-01,corporate_training,India,expansion,1,12.93,86.18
2024-03-01,corporate_training,India,retained,1,0.0,269.11
2024-03-01,corporate_training,Netherlands,retained,1,0.0,84.33
2024-03-01,corporate_training,United Kingdom,retained,2,0.0,297.82
2024-03-01,corporate_training,United States,retained,5,0.0,563.9
2024-03-01,customer_training,Brazil,retained,2,0.0,227.18
2024-03-01,customer_training,Canada,new,1,426.0,426.0
2024-03-01,customer_training,Canada,retained,1,0.0,84.33
2024-03-01,customer_training,France,retained,4,0.0,1104.4
2024-03-01,customer_training,Germany,contraction,1,-285.0,141.0
2024-03-01,customer_training,Germany,expansion,1,0.85,271.64
2024-03-01,customer_training,Germany,retained,1,0.0,26.18
2024-03-01,customer_training,Netherlands,expansion,1,56.08,82.26
2024-03-01,customer_training,Netherlands,reactivation,1,0.0,426.0
2024-03-01,customer_training,Spain,retained,1,0.0,141.0
2024-03-01,government_ngos,Australia,retained,1,0.0,23.65
2024-03-01,government_ngos,Brazil,expansion,1,234.87,375.87
2024-03-01,government_ngos,Brazil,retained,1,0.0,86.18
2024-03-01,government_ngos,Germany,retained,2,0.0,357.33
2024-03-01,government_ngos,India,new,1,426.0,426.0
2024-03-01,government_ngos,India,retained,2,0.0,533.11
2024-03-01,government_ngos,Netherlands,reactivation,1,0.0,141.0
2024-03-01,government_ngos,United Kingdom,expansion,1,182.6,268.78
2024-03-01,government_ngos,United Kingdom,retained,1,0.0,271.64
2024-03-01,government_ngos,United States,retained,1,0.0,47.59
2024-04-01,b2b_course_sellers,Brazil,reactivation,1,0.0,40.5
2024-04-01,b2b_course_sellers,Brazil,retained,1,0.0,271.64
2024-04-01,b2b_course_sellers,Canada,expansion,1,151.47,141.0
2024-04-01,b2b_course_sellers,France,retained,1,0.0,26.18
2024-04-01,b2b_course_sellers,Germany,retained,2,0.0,445.55
2024-04-01,b2b_course_sellers,India,expansion,1,0.18,86.18
2024-04-01,b2b_course_sellers,India,retained,1,0.0,26.18
2024-04-01,b2b_course_sellers,Netherlands,retained,2,0.0,353.7
2024-04-01,b2b_course_sellers,United Kingdom,retained,4,0.0,582.07
2024-04-01,b2c_course_sellers,Brazil,reactivation,1,0.0,141.0
2024-04-01,b2c_course_sellers,Canada,retained,1,0.0,86.18
2024-04-01,b2c_course_sellers,France,reactivation,1,0.0,86.18
2024-04-01,b2c_course_sellers,France,retained,1,0.0,141.0
2024-04-01,b2c_course_sellers,Germany,reactivation,1,285.0,426.0
2024-04-01,b2c_course_sellers,India,reactivation,1,0.0,271.64
2024-04-01,b2c_course_sellers,Netherlands,retained,1,0.0,258.74
2024-04-01,b2c_course_sellers,Spain,expansion,1,14.4,141.0
2024-04-01,b2c_course_sellers,Spain,retained,1,0.0,26.18
2024-04-01,b2c_course_sellers,United Kingdom,contraction,1,-205.0,60.87
2024-04-01,b2c_course_sellers,United Kingdom,expansion,1,87.29,127.79
2024-04-01,b2c_course_sellers,United Kingdom,retained,1,0.0,271.64
2024-04-01,corporate_training,Brazil,expansion,1,100.5,141.0
2024-04-01,corporate_training,Brazil,retained,2,0.0,167.18
2024-04-01,corporate_training,Canada,retained,1,0.0,271.64
2024-04-01,corporate_training,France,reactivation,1,0.0,426.0
2024-04-01,corporate_training,France,retained,2,0.0,121.65
2024-04-01,corporate_training,India,expansion,1,2.53,271.64
2024-04-01,corporate_training,India,retained,1,0.0,86.18
2024-04-01,corporate_training,Netherlands,retained,1,0.0,84.33
2024-04-01,corporate_training,Spain,new,1,40.5,40.5
2024-04-01,corporate_training,Spain,reactivation,1,0.0,86.18
2024-04-01,corporate_training,United Kingdom,retained,2,0.0,297.82
2024-04-01,corporate_training,United States,retained,3,0.0,382.4
2024-04-01,customer_training,Brazil,retained,1,0.0,86.18
2024-04-01,customer_training,Canada,reactivation,1,0.0,426.0
2024-04-01,customer_training,Canada,retained,2,0.0,510.33
2024-04-01,customer_training,France,contraction,1,-205.0,66.64
2024-04-01,customer_training,France,reactivation,1,-285.0,141.0
2024-04-01,customer_training,France,retained,1,0.0,265.76
2024-04-01,customer_training,Germany,expansion,1,239.02,380.02
2024-04-01,customer_training,Germany,retained,1,0.0,26.18
2024-04-01,customer_training,Netherlands,retained,2,0.0,508.26
2024-04-01,government_ngos,Australia,retained,1,0.0,23.65
2024-04-01,government_ngos,Brazil,expansion,1,50.13,426.0
2024-04-01,government_ngos,Brazil,reactivation,1,0.0,141.0
2024-04-01,government_ngos,Brazil,retained,1,0.0,86.18
2024-04-01,government_ngos,Germany,retained,2,0.0,357.33
2024-04-01,government_ngos,India,expansion,1,1.6,263.07
2024-04-01,government_ngos,India,retained,2,0.0,697.64
2024-04-01,government_ngos,Netherlands,retained,1,0.0,141.0
2024-04-01,government_ngos,United Kingdom,retained,2,0.0,540.42
2024-04-01,government_ngos,United States,new,1,40.5,40.5
2024-04-01,government_ngos,United States,retained,1,0.0,47.59
2024-05-01,b2b_course_sellers,Brazil,retained,2,0.0,312.14
2024-05-01,b2b_course_sellers,France,retained,1,0.0,26.18
2024-05-01,b2b_course_sellers,Germany,reactivation,1,0.0,271.64
2024-05-01,b2b_course_sellers,Germany,retained,1,0.0,19.55
2024-05-01,b2b_course_sellers,India,reactivation,1,0.0,426.0
2024-05-01,b2b_course_sellers,India,retained,1,0.0,26.18
2024-05-01,b2b_course_sellers,Netherlands,contraction,1,-289.36,-18.31
2024-05-01,b2b_course_sellers,Netherlands,retained,1,0.0,82.65
2024-05-01,b2b_course_sellers,United Kingdom,expansion,1,285.0,426.0
2024-05-01,b2b_course_sellers,United Kingdom,new,1,271.64,271.64
2024-05-01,b2b_course_sellers,United Kingdom,retained,3,0.0,441.07
2024-05-01,b2c_course_sellers,Brazil,new,1,40.5,40.5
2024-05-01,b2c_course_sellers,Brazil,retained,1,0.0,141.0
2024-05-01,b2c_course_sellers,Canada,retained,1,0.0,86.18
2024-05-01,b2c_course_sellers,France,new,1,426.0,426.0
2024-05-01,b2c_course_sellers,France,retained,1,0.0,86.18
2024-05-01,b2c_course_sellers,Germany,retained,1,0.0,426.0
2024-05-01,b2c_course_sellers,India,retained,1,0.0,271.64
2024-05-01,b2c_course_sellers,Netherlands,retained,1,0.0,258.74
2024-05-01,b2c_course_sellers,Spain,retained,1,0.0,26.18
2024-05-01,b2c_course_sellers,United Kingdom,expansion,2,18.98,207.64
2024-05-01,b2c_course_sellers,United Kingdom,retained,1,0.0,271.64
2024-05-01,corporate_training,Brazil,new,1,40.5,40.5
2024-05-01,corporate_training,Brazil,retained,1,0.0,141.0
2024-05-01,corporate_training,Canada,retained,1,0.0,271.64
2024-05-01,corporate_training,France,retained,2,0.0,507.15
2024-05-01,corporate_training,Germany,new,1,86.18,86.18
2024-05-01,corporate_training,India,retained,2,0.0,357.82
2024-05-01,corporate_training,Netherlands,retained,1,0.0,84.33
2024-05-01,corporate_training,Spain,retained,2,0.0,126.68
2024-05-01,corporate_training,United Kingdom,retained,2,0.0,297.82
2024-05-01,corporate_training,United States,reactivation,2,-100.5,81.0
2024-05-01,corporate_training,United States,retained,3,0.0,382.4
2024-05-01,customer_training,Brazil,reactivation,1,0.0,141.0
2024-05-01,customer_training,Brazil,retained,1,0.0,86.18
2024-05-01,customer_training,Canada,retained,2,0.0,510.33
2024-05-01,customer_training,France,expansion,1,236.97,377.97
2024-05-01,customer_training,France,reactivation,2,-285.0,282.0
2024-05-01,customer_training,France,retained,2,0.0,332.4
2024-05-01,customer_training,Germany,expansion,1,45.98,426.0
2024-05-01,customer_training,Germany,reactivation,1,0.0,271.64
2024-05-01,customer_training,Germany,retained,1,0.0,26.18
2024-05-01,customer_training,Netherlands,retained,1,0.0,82.26
2024-05-01,customer_training,Spain,reactivation,1,0.0,141.0
2024-05-01,government_ngos,Australia,expansion,1,2.53,26.18
2024-05-01,government_ngos,Brazil,retained,2,0.0,227.18
2024-05-01,government_ngos,Germany,expansion,1,180.98,266.67
2024-05-01,government_ngos,Germany,retained,1,0.0,271.64
2024-05-01,government_ngos,India,retained,2,0.0,534.71
2024-05-01,government_ngos,United Kingdom,retained,1,0.0,268.78
2024-05-01,government_ngos,United States,expansion,1,38.59,86.18
2024-05-01,government_ngos,United States,retained,1,0.0,40.5
2024-06-01,b2b_course_sellers,Canada,reactivation,1,-100.5,40.5
2024-06-01,b2b_course_sellers,France,retained,1,0.0,26.18
2024-06-01,b2b_course_sellers,Germany,reactivation,1,0.0,426.0
2024-06-01,b2b_course_sellers,Germany,retained,2,0.0,291.19
2024-06-01,b2b_course_sellers,India,reactivation,1,0.0,86.18
2024-06-01,b2b_course_sellers,India,retained,2,0.0,452.18
2024-06-01,b2b_course_sellers,Netherlands,expansion,2,4.12,68.46
2024-06-01,b2b_course_sellers,United Kingdom,expansion,2,2.93,357.82
2024-06-01,b2b_course_sellers,United Kingdom,retained,3,0.0,783.82
2024-06-01,b2c_course_sellers,Brazil,retained,1,0.0,40.5
2024-06-01,b2c_course_sellers,Canada,expansion,1,152.49,238.67
2024-06-01,b2c_course_sellers,France,reactivation,1,0.0,141.0
2024-06-01,b2c_course_sellers,France,retained,2,0.0,512.18
2024-06-01,b2c_course_sellers,India,contraction,1,-190.34,81.3
2024-06-01,b2c_course_sellers,Netherlands,contraction,1,-193.18,65.56
2024-06-01,b2c_course_sellers,Spain,reactivation,1,285.0,426.0
2024-06-01,b2c_course_sellers,Spain,retained,1,0.0,26.18
2024-06-01,b2c_course_sellers,United Kingdom,retained,2,0.0,338.28
2024-06-01,corporate_training,Brazil,reactivation,2,-100.5,66.68
2024-06-01,corporate_training,Brazil,retained,1,0.0,40.5
2024-06-01,corporate_training,Canada,retained,1,0.0,271.64
2024-06-01,corporate_training,France,contraction,1,-285.0,141.0
2024-06-01,corporate_training,France,reactivation,1,0.0,40.5
2024-06-01,corporate_training,France,retained,1,0.0,81.15
2024-06-01,corporate_training,Germany,retained,1,0.0,86.18
2024-06-01,corporate_training,India,contraction,1,-411.82,-140.18
2024-06-01,corporate_training,India,expansion,1,113.64,199.82
2024-06-01,corporate_training,Netherlands,expansion,1,1.85,86.18
2024-06-01,corporate_training,Spain,expansion,1,100.5,141.0
2024-06-01,corporate_training,Spain,retained,1,0.0,86.18
2024-06-01,corporate_training,United Kingdom,retained,2,0.0,297.82
2024-06-01,corporate_training,United States,retained,5,0.0,463.4
2024-06-01,customer_training,Australia,new,1,40.5,40.5
2024-06-01,customer_training,Brazil,retained,2,0.0,227.18
2024-06-01,customer_training,Canada,reactivation,1,0.0,426.0
2024-06-01,customer_training,Canada,retained,1,0.0,84.33
2024-06-01,customer_training,France,expansion,1,48.03,426.0
2024-06-01,customer_training,France,retained,4,0.0,614.4
2024-06-01,customer_training,Germany,retained,2,0.0,297.82
2024-06-01,customer_training,Netherlands,reactivation,1,0.0,426.0
2024-06-01,customer_training,Netherlands,retained,1,0.0,82.26
2024-06-01,customer_training,Spain,retained,1,0.0,141.0
2024-06-01,government_ngos,Australia,expansion,1,49.98,76.16
2024-06-01,government_ngos,Brazil,expansion,1,179.26,265.44
2024-06-01,government_ngos,Brazil,reactivation,1,0.0,426.0
2024-06-01,government_ngos,Germany,retained,1,0.0,266.67
2024-06-01,government_ngos,India,contraction,1,-218.11,44.96
2024-06-01,government_ngos,India,retained,1,0.0,271.64
2024-06-01,government_ngos,Netherlands,reactivation,1,285.0,426.0
2024-06-01,government_ngos,United Kingdom,retained,1,0.0,268.78
2024-06-01,government_ngos,United States,new,1,426.0,426.0
2024-06-01,government_ngos,United States,retained,1,0.0,86.18
2024-07-01,b2b_course_sellers,Brazil,new,1,40.5,40.5
2024-07-01,b2b_course_sellers,Brazil,reactivation,1,0.0,40.5
2024-07-01,b2b_course_sellers,Canada,retained,1,0.0,40.5
2024-07-01,b2b_course_sellers,France,retained,1,0.0,26.18
2024-07-01,b2b_course_sellers,Germany,retained,3,0.0,717.19
2024-07-01,b2b_course_sellers,India,expansion,1,57.98,84.16
2024-07-01,b2b_course_sellers,India,retained,1,0.0,86.18
2024-07-01,b2b_course_sellers,Netherlands,expansion,1,103.9,86.18
2024-07-01,b2b_course_sellers,Netherlands,retained,1,0.0,86.18
2024-07-01,b2b_course_sellers,United Kingdom,retained,4,0.0,715.64
2024-07-01,b2c_course_sellers,Brazil,reactivation,1,0.0,141.0
2024-07-01,b2c_course_sellers,Canada,retained,1,0.0,238.67
2024-07-01,b2c_course_sellers,France,expansion,1,235.96,376.96
2024-07-01,b2c_course_sellers,France,retained,1,0.0,86.18
2024-07-01,b2c_course_sellers,Germany,reactivation,1,0.0,426.0
2024-07-01,b2c_course_sellers,India,retained,1,0.0,81.3
2024-07-01,b2c_course_sellers,Netherlands,expansion,1,12.9,78.46
2024-07-01,b2c_course_sellers,Spain,retained,2,0.0,452.18
2024-07-01,b2c_course_sellers,United Kingdom,reactivation,1,0.0,141.0
2024-07-01,b2c_course_sellers,United Kingdom,retained,2,0.0,338.28
2024-07-01,corporate_training,Brazil,expansion,1,59.75,85.93
2024-07-01,corporate_training,Brazil,reactivation,1,0.0,141.0
2024-07-01,corporate_training,Brazil,retained,1,0.0,40.5
2024-07-01,corporate_training,Canada,retained,1,0.0,271.64
2024-07-01,corporate_training,France,expansion,1,5.03,86.18
2024-07-01,corporate_training,France,retained,2,0.0,181.5
2024-07-01,corporate_training,Germany,retained,1,0.0,86.18
2024-07-01,corporate_training,India,contraction,1,-116.24,83.58
2024-07-01,corporate_training,India,expansion,1,226.36,86.18
2024-07-01,corporate_training,Spain,retained,2,0.0,227.18
2024-07-01,corporate_training,United Kingdom,retained,2,0.0,297.82
2024-07-01,corporate_training,United States,retained,2,0.0,356.22
2024-07-01,customer_training,Australia,retained,1,0.0,40.5
2024-07-01,customer_training,Brazil,contraction,1,-100.5,40.5
2024-07-01,customer_training,Brazil,retained,1,0.0,86.18
2024-07-01,customer_training,Canada,reactivation,1,0.0,426.0
2024-07-01,customer_training,Canada,retained,2,0.0,510.33
2024-07-01,customer_training,France,contraction,1,-62.78,3.86
2024-07-01,customer_training,France,retained,1,0.0,265.76
2024-07-01,customer_training,Germany,new,1,26.18,26.18
2024-07-01,customer_training,Germany,reactivation,1,0.0,426.0
2024-07-01,customer_training,Germany,retained,2,0.0,297.82
2024-07-01,customer_training,Netherlands,expansion,1,185.4,267.66
2024-07-01,customer_training,Netherlands,retained,1,0.0,426.0
2024-07-01,government_ngos,Australia,new,1,141.0,141.0
2024-07-01,government_ngos,Australia,retained,1,0.0,76.16
2024-07-01,government_ngos,Brazil,reactivation,1,0.0,141.0
2024-07-01,government_ngos,Brazil,retained,2,0.0,691.44
2024-07-01,government_ngos,Germany,contraction,1,-190.34,76.33
2024-07-01,government_ngos,India,retained,2,0.0,316.6
2024-07-01,government_ngos,Netherlands,retained,1,0.0,426.0
2024-07-01,government_ngos,Spain,new,1,40.5,40.5
2024-07-01,government_ngos,United Kingdom,retained,1,0.0,268.78
2024-07-01,government_ngos,United States,expansion,1,176.32,262.5
2024-07-01,government_ngos,United States,reactivation,1,0.0,40.5
2024-07-01,government_ngos,United States,retained,1,0.0,426.0
2024-08-01,b2b_course_sellers,Australia,new,1,26.18,26.18
2024-08-01,b2b_course_sellers,Brazil,retained,2,0.0,81.0
2024-08-01,b2b_course_sellers,France,retained,1,0.0,26.18
2024-08-01,b2b_course_sellers,Germany,expansion,1,5.03,24.58
2024-08-01,b2b_course_sellers,Germany,retained,1,0.0,271.64
2024-08-01,b2b_course_sellers,India,reactivation,1,0.0,426.0
2024-08-01,b2b_course_sellers,India,retained,2,0.0,170.34
2024-08-01,b2b_course_sellers,Netherlands,retained,2,0.0,172.36
2024-08-01,b2b_course_sellers,United Kingdom,reactivation,1,0.0,426.0
2024-08-01,b2b_course_sellers,United Kingdom,retained,3,0.0,629.46
2024-08-01,b2c_course_sellers,Brazil,retained,1,0.0,141.0
2024-08-01,b2c_course_sellers,Canada,expansion,1,32.97,271.64
2024-08-01,b2c_course_sellers,France,expansion,1,49.04,426.0
2024-08-01,b2c_course_sellers,France,reactivation,1,0.0,426.0
2024-08-01,b2c_course_sellers,France,retained,1,0.0,86.18
2024-08-01,b2c_course_sellers,Germany,retained,1,0.0,426.0
2024-08-01,b2c_course_sellers,India,retained,1,0.0,81.3
2024-08-01,b2c_course_sellers,Netherlands,retained,1,0.0,78.46
2024-08-01,b2c_course_sellers,Spain,new,1,26.18,26.18
2024-08-01,b2c_course_sellers,Spain,retained,1,0.0,26.18
2024-08-01,b2c_course_sellers,United Kingdom,retained,3,0.0,479.28
2024-08-01,corporate_training,Brazil,contraction,1,-60.57,25.36
2024-08-01,corporate_training,Brazil,retained,1,0.0,141.0
2024-08-01,corporate_training,Canada,retained,1,0.0,271.64
2024-08-01,corporate_training,France,expansion,1,100.5,141.0
2024-08-01,corporate_training,France,retained,1,0.0,86.18
2024-08-01,corporate_training,Germany,retained,1,0.0,86.18
2024-08-01,corporate_training,India,retained,2,0.0,169.76
2024-08-01,corporate_training,Spain,retained,1,0.0,86.18
2024-08-01,corporate_training,United Kingdom,retained,2,0.0,297.82
2024-08-01,corporate_training,United States,reactivation,2,0.0,66.68
2024-08-01,corporate_training,United States,retained,2,0.0,356.22
2024-08-01,customer_training,Brazil,contraction,1,-72.9,13.28
2024-08-01,customer_training,Brazil,retained,1,0.0,40.5
2024-08-01,customer_training,Canada,retained,2,0.0,510.33
2024-08-01,customer_training,France,expansion,1,5.03,270.79
2024-08-01,customer_training,France,reactivation,2,0.0,567.0
2024-08-01,customer_training,France,retained,1,0.0,3.86
2024-08-01,customer_training,Germany,retained,4,0.0,750.0
2024-08-01,customer_training,Netherlands,retained,1,0.0,267.66
2024-08-01,customer_training,Spain,reactivation,1,0.0,141.0
2024-08-01,government_ngos,Australia,expansion,1,10.02,86.18
2024-08-01,government_ngos,Australia,retained,1,0.0,141.0
2024-08-01,government_ngos,Brazil,retained,2,0.0,406.44
2024-08-01,government_ngos,Germany,retained,1,0.0,76.33
2024-08-01,government_ngos,India,retained,2,0.0,316.6
2024-08-01,government_ngos,Spain,retained,1,0.0,40.5
2024-08-01,government_ngos,United Kingdom,contraction,1,-203.07,65.71
2024-08-01,government_ngos,United States,retained,2,0.0,303.0
2024-09-01,b2b_course_sellers,Australia,new,1,141.0,141.0
2024-09-01,b2b_course_sellers,Australia,retained,1,0.0,26.18
2024-09-01,b2b_course_sellers,France,retained,1,0.0,26.18
2024-09-01,b2b_course_sellers,Germany,new,1,40.5,40.5
2024-09-01,b2b_course_sellers,Germany,reactivation,1,0.0,426.0
2024-09-01,b2b_course_sellers,Germany,retained,2,0.0,296.22
2024-09-01,b2b_course_sellers,India,retained,3,0.0,596.34
2024-09-01,b2b_course_sellers,Netherlands,retained,2,0.0,172.36
2024-09-01,b2b_course_sellers,United Kingdom,contraction,1,-60.0,26.18
2024-09-01,b2b_course_sellers,United Kingdom,reactivation,1,0.0,86.18
2024-09-01,b2b_course_sellers,United Kingdom,retained,2,0.0,697.64
2024-09-01,b2c_course_sellers,Canada,contraction,1,-193.18,78.46
2024-09-01,b2c_course_sellers,France,retained,2,0.0,512.18
2024-09-01,b2c_course_sellers,India,retained,1,0.0,81.3
2024-09-01,b2c_course_sellers,Netherlands,contraction,1,-62.45,16.01
2024-09-01,b2c_course_sellers,Spain,retained,2,0.0,52.36
2024-09-01,b2c_course_sellers,United Kingdom,expansion,1,179.87,246.51
2024-09-01,b2c_course_sellers,United Kingdom,retained,1,0.0,271.64
2024-09-01,b2c_course_sellers,United States,new,1,86.18,86.18
2024-09-01,corporate_training,Brazil,reactivation,1,0.0,40.5
2024-09-01,corporate_training,Brazil,retained,1,0.0,25.36
2024-09-01,corporate_training,Canada,retained,1,0.0,271.64
2024-09-01,corporate_training,France,expansion,1,185.46,271.64
2024-09-01,corporate_training,France,reactivation,1,0.0,141.0
2024-09-01,corporate_training,France,retained,1,0.0,141.0
2024-09-01,corporate_training,Germany,retained,1,0.0,86.18
2024-09-01,corporate_training,India,retained,2,0.0,169.76
2024-09-01,corporate_training,Spain,reactivation,1,0.0,141.0
2024-09-01,corporate_training,Spain,retained,1,0.0,86.18
2024-09-01,corporate_training,United Kingdom,retained,2,0.0,297.82
2024-09-01,corporate_training,United States,retained,4,0.0,422.9
2024-09-01,customer_training,Brazil,retained,1,0.0,13.28
2024-09-01,customer_training,Canada,retained,1,0.0,84.33
2024-09-01,customer_training,France,contraction,1,-285.28,-14.49
2024-09-01,customer_training,France,retained,3,0.0,570.86
2024-09-01,customer_training,Germany,expansion,2,115.7,168.06
2024-09-01,customer_training,Germany,retained,1,0.0,271.64
2024-09-01,customer_training,Netherlands,contraction,1,-189.43,78.23
2024-09-01,customer_training,Netherlands,reactivation,1,0.0,426.0
2024-09-01,customer_training,Spain,retained,1,0.0,141.0
2024-09-01,government_ngos,Australia,retained,1,0.0,86.18
2024-09-01,government_ngos,Brazil,contraction,1,-193.18,72.26
2024-09-01,government_ngos,Brazil,reactivation,1,0.0,426.0
2024-09-01,government_ngos,Germany,retained,1,0.0,76.33
2024-09-01,government_ngos,India,expansion,1,0.59,45.55
2024-09-01,government_ngos,India,retained,1,0.0,271.64
2024-09-01,government_ngos,Netherlands,reactivation,1,0.0,426.0
2024-09-01,government_ngos,United Kingdom,retained,1,0.0,65.71
2024-09-01,government_ngos,United States,retained,1,0.0,262.5
2024-10-01,b2b_course_sellers,Australia,retained,2,0.0,167.18
2024-10-01,b2b_course_sellers,Brazil,reactivation,2,0.0,81.0
2024-10-01,b2b_course_sellers,France,retained,1,0.0,26.18
2024-10-01,b2b_course_sellers,Germany,expansion,2,88.3,153.38
2024-10-01,b2b_course_sellers,Germany,retained,2,0.0,697.64
2024-10-01,b2b_course_sellers,India,retained,2,0.0,170.34
2024-10-01,b2b_course_sellers,Netherlands,retained,2,0.0,172.36
2024-10-01,b2b_course_sellers,United Kingdom,expansion,1,184.63,270.81
2024-10-01,b2b_course_sellers,United Kingdom,reactivation,1,-185.46,86.18
2024-10-01,b2b_course_sellers,United Kingdom,retained,2,0.0,297.82
2024-10-01,b2c_course_sellers,Brazil,reactivation,1,0.0,141.0
2024-10-01,b2c_course_sellers,Canada,retained,1,0.0,78.46
2024-10-01,b2c_course_sellers,France,reactivation,1,0.0,426.0
2024-10-01,b2c_course_sellers,France,retained,1,0.0,86.18
2024-10-01,b2c_course_sellers,Germany,new,1,26.18,26.18
2024-10-01,b2c_course_sellers,Germany,reactivation,1,0.0,426.0
2024-10-01,b2c_course_sellers,India,expansion,1,181.48,262.78
2024-10-01,b2c_course_sellers,Netherlands,retained,1,0.0,16.01
2024-10-01,b2c_course_sellers,Spain,expansion,1,49.98,76.16
2024-10-01,b2c_course_sellers,Spain,new,1,426.0,426.0
2024-10-01,b2c_course_sellers,Spain,retained,1,0.0,26.18
2024-10-01,b2c_course_sellers,United Kingdom,expansion,1,19.54,266.05
2024-10-01,b2c_course_sellers,United Kingdom,reactivation,1,0.0,141.0
2024-10-01,b2c_course_sellers,United Kingdom,retained,1,0.0,271.64
2024-10-01,b2c_course_sellers,United States,retained,1,0.0,86.18
2024-10-01,corporate_training,Australia,new,1,26.18,26.18
2024-10-01,corporate_training,Brazil,reactivation,1,0.0,141.0
2024-10-01,corporate_training,Brazil,retained,2,0.0,65.86
2024-10-01,corporate_training,Canada,retained,1,0.0,271.64
2024-10-01,corporate_training,France,contraction,1,-188.06,83.58
2024-10-01,corporate_training,France,retained,1,0.0,141.0
2024-10-01,corporate_training,Germany,retained,1,0.0,86.18
2024-10-01,corporate_training,India,retained,2,0.0,169.76
2024-10-01,corporate_training,Spain,contraction,1,-68.36,17.82
2024-10-01,corporate_training,Spain,retained,1,0.0,141.0
2024-10-01,corporate_training,United Kingdom,retained,2,0.0,297.82
2024-10-01,corporate_training,United States,expansion,1,1.6,271.64
2024-10-01,corporate_training,United States,new,1,26.18,26.18
2024-10-01,corporate_training,United States,retained,2,0.0,112.36
2024-10-01,customer_training,Brazil,expansion,1,59.53,72.81
2024-10-01,customer_training,Brazil,new,1,86.18,86.18
2024-10-01,customer_training,Brazil,reactivation,1,0.0,40.5
2024-10-01,customer_training,Canada,reactivation,1,0.0,426.0
2024-10-01,customer_training,Canada,retained,1,0.0,84.33
2024-10-01,customer_training,France,contraction,1,-285.0,141.0
2024-10-01,customer_training,France,expansion,2,20.39,9.76
2024-10-01,customer_training,Germany,reactivation,1,0.0,426.0
2024-10-01,customer_training,Germany,retained,3,0.0,439.7
2024-10-01,customer_training,Netherlands,retained,2,0.0,504.23
2024-10-01,government_ngos,Australia,reactivation,1,0.0,141.0
2024-10-01,government_ngos,Australia,retained,1,0.0,86.18
2024-10-01,government_ngos,Brazil,expansion,1,184.63,256.89
2024-10-01,government_ngos,Brazil,reactivation,1,285.0,426.0
2024-10-01,government_ngos,Brazil,retained,1,0.0,426.0
2024-10-01,government_ngos,Germany,expansion,1,0.49,76.82
2024-10-01,government_ngos,India,expansion,1,40.63,86.18
2024-10-01,government_ngos,India,retained,1,0.0,271.64
2024-10-01,government_ngos,Netherlands,retained,1,0.0,426.0
2024-10-01,government_ngos,Spain,reactivation,1,100.5,141.0
2024-10-01,government_ngos,United Kingdom,retained,1,0.0,65.71
2024-10-01,government_ngos,United States,reactivation,1,100.5,141.0
2024-10-01,government_ngos,United States,retained,1,0.0,262.5
2024-11-01,b2b_course_sellers,Australia,retained,1,0.0,26.18
2024-11-01,b2b_course_sellers,Brazil,retained,2,0.0,81.0
2024-11-01,b2b_course_sellers,France,retained,1,0.0,26.18
2024-11-01,b2b_course_sellers,Germany,expansion,2,51.98,205.36
2024-11-01,b2b_course_sellers,Germany,retained,1,0.0,271.64
2024-11-01,b2b_course_sellers,India,reactivation,1,0.0,426.0
2024-11-01,b2b_course_sellers,India,retained,2,0.0,170.34
2024-11-01,b2b_course_sellers,Netherlands,retained,2,0.0,172.36
2024-11-01,b2b_course_sellers,Spain,new,1,40.5,40.5
2024-11-01,b2b_course_sellers,United Kingdom,retained,4,0.0,654.81
2024-11-01,b2c_course_sellers,Brazil,retained,1,0.0,141.0
2024-11-01,b2c_course_sellers,Canada,retained,1,0.0,78.46
2024-11-01,b2c_course_sellers,France,reactivation,1,0.0,426.0
2024-11-01,b2c_course_sellers,France,retained,2,0.0,512.18
2024-11-01,b2c_course_sellers,Germany,retained,2,0.0,452.18
2024-11-01,b2c_course_sellers,India,retained,1,0.0,262.78
2024-11-01,b2c_course_sellers,Netherlands,retained,1,0.0,16.01
2024-11-01,b2c_course_sellers,Spain,retained,3,0.0,528.34
2024-11-01,b2c_course_sellers,United Kingdom,retained,3,0.0,678.69
2024-11-01,b2c_course_sellers,United States,contraction,1,-61.55,24.63
2024-11-01,corporate_training,Australia,retained,1,0.0,26.18
2024-11-01,corporate_training,Brazil,retained,2,0.0,166.36
2024-11-01,corporate_training,Canada,new,1,40.5,40.5
2024-11-01,corporate_training,Canada,retained,1,0.0,271.64
2024-11-01,corporate_training,France,reactivation,1,0.0,141.0
2024-11-01,corporate_training,France,retained,1,0.0,83.58
2024-11-01,corporate_training,Germany,new,1,26.18,26.18
2024-11-01,corporate_training,Germany,retained,1,0.0,86.18
2024-11-01,corporate_training,India,retained,2,0.0,169.76
2024-11-01,corporate_training,Spain,retained,1,0.0,17.82
2024-11-01,corporate_training,United Kingdom,expansion,1,38.18,64.36
2024-11-01,corporate_training,United Kingdom,new,1,26.18,26.18
2024-11-01,corporate_training,United Kingdom,retained,1,0.0,271.64
2024-11-01,corporate_training,United States,contraction,1,-411.82,-140.18
2024-11-01,corporate_training,United States,expansion,1,59.25,85.43
2024-11-01,corporate_training,United States,reactivation,1,0.0,40.5
2024-11-01,corporate_training,United States,retained,2,0.0,112.36
2024-11-01,customer_training,Australia,new,1,271.64,271.64
2024-11-01,customer_training,Brazil,expansion,1,184.89,271.07
2024-11-01,customer_training,Brazil,retained,2,0.0,113.31
2024-11-01,customer_training,Canada,expansion,1,1.85,86.18
2024-11-01,customer_training,Canada,retained,1,0.0,426.0
2024-11-01,customer_training,France,expansion,1,99.82,86.18
2024-11-01,customer_training,France,reactivation,1,0.0,141.0
2024-11-01,customer_training,France,retained,2,0.0,164.4
2024-11-01,customer_training,Germany,retained,4,0.0,865.7
2024-11-01,customer_training,Netherlands,contraction,1,-285.0,141.0
2024-11-01,customer_training,Netherlands,expansion,1,183.91,262.14
2024-11-01,government_ngos,Australia,new,1,40.5,40.5
2024-11-01,government_ngos,Australia,retained,2,0.0,227.18
2024-11-01,government_ngos,Brazil,contraction,2,-472.24,210.65
2024-11-01,government_ngos,Brazil,retained,1,0.0,426.0
2024-11-01,government_ngos,Germany,new,1,86.18,86.18
2024-11-01,government_ngos,Germany,retained,1,0.0,76.82
2024-11-01,government_ngos,India,retained,2,0.0,357.82
2024-11-01,government_ngos,Spain,retained,1,0.0,141.0
2024-11-01,government_ngos,United Kingdom,expansion,1,185.87,251.58
2024-11-01,government_ngos,United States,retained,2,0.0,403.5
2024-12-01,b2b_course_sellers,Australia,reactivation,1,0.0,141.0
2024-12-01,b2b_course_sellers,Australia,retained,1,0.0,26.18
2024-12-01,b2b_course_sellers,Germany,contraction,1,-100.5,40.5
2024-12-01,b2b_course_sellers,Germany,expansion,1,206.45,270.81
2024-12-01,b2b_course_sellers,Germany,reactivation,1,0.0,426.0
2024-12-01,b2b_course_sellers,Germany,retained,1,0.0,271.64
2024-12-01,b2b_course_sellers,India,contraction,1,-68.36,17.82
2024-12-01,b2b_course_sellers,India,new,1,40.5,40.5
2024-12-01,b2b_course_sellers,India,retained,2,0.0,510.16
2024-12-01,b2b_course_sellers,Netherlands,retained,2,0.0,172.36
2024-12-01,b2b_course_sellers,Spain,retained,1,0.0,40.5
2024-12-01,b2b_course_sellers,United Kingdom,retained,4,0.0,654.81
2024-12-01,b2c_course_sellers,Canada,retained,1,0.0,78.46
2024-12-01,b2c_course_sellers,France,retained,2,0.0,512.18
2024-12-01,b2c_course_sellers,Germany,retained,1,0.0,26.18
2024-12-01,b2c_course_sellers,India,retained,1,0.0,262.78
2024-12-01,b2c_course_sellers,Netherlands,retained,1,0.0,16.01
2024-12-01,b2c_course_sellers,Spain,contraction,1,-285.0,141.0
2024-12-01,b2c_course_sellers,Spain,expansion,1,10.02,86.18
2024-12-01,b2c_course_sellers,Spain,retained,1,0.0,26.18
2024-12-01,b2c_course_sellers,United Kingdom,retained,2,0.0,537.69
2024-12-01,b2c_course_sellers,United States,retained,1,0.0,24.63
2024-12-01,corporate_training,Australia,expansion,1,59.53,85.71
2024-12-01,corporate_training,Brazil,reactivation,1,0.0,40.5
2024-12-01,corporate_training,Brazil,retained,1,0.0,25.36
2024-12-01,corporate_training,Canada,contraction,1,-185.46,86.18
2024-12-01,corporate_training,Canada,retained,1,0.0,40.5
2024-12-01,corporate_training,France,reactivation,1,0.0,141.0
2024-12-01,corporate_training,France,retained,2,0.0,224.58
2024-12-01,corporate_training,Germany,retained,2,0.0,112.36
2024-12-01,corporate_training,India,retained,2,0.0,169.76
2024-12-01,corporate_training,Netherlands,new,1,86.18,86.18
2024-12-01,corporate_training,Spain,reactivation,1,0.0,141.0
2024-12-01,corporate_training,Spain,retained,1,0.0,17.82
2024-12-01,corporate_training,United Kingdom,expansion,1,21.82,86.18
2024-12-01,corporate_training,United Kingdom,retained,1,0.0,26.18
2024-12-01,corporate_training,United States,expansion,1,226.36,86.18
2024-12-01,corporate_training,United States,retained,3,0.0,152.11
2024-12-01,customer_training,Australia,retained,1,0.0,271.64
2024-12-01,customer_training,Brazil,expansion,1,12.9,85.71
2024-12-01,customer_training,Brazil,retained,1,0.0,271.07
2024-12-01,customer_training,France,retained,3,0.0,250.58
2024-12-01,customer_training,Germany,retained,3,0.0,439.7
2024-12-01,customer_training,Netherlands,retained,2,0.0,403.14
2024-12-01,government_ngos,Australia,retained,2,0.0,126.68
2024-12-01,government_ngos,Brazil,expansion,1,6.2,75.85
2024-12-01,government_ngos,Brazil,retained,1,0.0,141.0
2024-12-01,government_ngos,Canada,new,1,271.64,271.64
2024-12-01,government_ngos,Germany,expansion,2,189.11,352.11
2024-12-01,government_ngos,India,expansion,1,177.1,263.28
2024-12-01,government_ngos,India,new,1,141.0,141.0
2024-12-01,government_ngos,India,retained,1,0.0,271.64
2024-12-01,government_ngos,Netherlands,reactivation,1,-285.0,141.0
2024-12-01,government_ngos,Spain,contraction,1,-100.5,40.5
2024-12-01,government_ngos,United Kingdom,new,1,26.18,26.18
2024-12-01,government_ngos,United Kingdom,retained,1,0.0,251.58
2024-12-01,government_ngos,United States,contraction,1,-193.93,68.57
2025-01-01,b2b_course_sellers,Australia,retained,2,0.0,167.18
2025-01-01,b2b_course_sellers,Germany,retained,4,0.0,1008.95
2025-01-01,b2b_course_sellers,India,expansion,1,2.02,86.18
2025-01-01,b2b_course_sellers,India,retained,2,0.0,58.32
2025-01-01,b2b_course_sellers,Netherlands,retained,1,0.0,86.18
2025-01-01,b2b_course_sellers,United Kingdom,retained,4,0.0,654.81
2025-01-01,b2c_course_sellers,Canada,retained,1,0.0,78.46
2025-01-01,b2c_course_sellers,France,retained,1,0.0,86.18
2025-01-01,b2c_course_sellers,Germany,retained,1,0.0,26.18
2025-01-01,b2c_course_sellers,India,retained,1,0.0,262.78
2025-01-01,b2c_course_sellers,Netherlands,retained,1,0.0,16.01
2025-01-01,b2c_course_sellers,Spain,retained,3,0.0,253.36
2025-01-01,b2c_course_sellers,United Kingdom,retained,2,0.0,537.69
2025-01-01,b2c_course_sellers,United States,retained,1,0.0,24.63
2025-01-01,corporate_training,Australia,retained,1,0.0,85.71
2025-01-01,corporate_training,Brazil,retained,2,0.0,65.86
2025-01-01,corporate_training,Canada,retained,1,0.0,86.18
2025-01-01,corporate_training,France,retained,2,0.0,224.58
2025-01-01,corporate_training,Germany,retained,2,0.0,112.36
2025-01-01,corporate_training,India,retained,2,0.0,169.76
2025-01-01,corporate_training,Netherlands,retained,1,0.0,86.18
2025-01-01,corporate_training,Spain,retained,2,0.0,158.82
2025-01-01,corporate_training,United Kingdom,retained,2,0.0,112.36
2025-01-01,corporate_training,United States,retained,3,0.0,197.79
2025-01-01,customer_training,Australia,retained,1,0.0,271.64
2025-01-01,customer_training,Brazil,retained,2,0.0,356.78
2025-01-01,customer_training,France,retained,2,0.0,109.58
2025-01-01,customer_training,Germany,expansion,1,3.92,86.18
2025-01-01,customer_training,Germany,retained,2,0.0,357.44
2025-01-01,customer_training,Netherlands,retained,1,0.0,262.14
2025-01-01,government_ngos,Australia,retained,1,0.0,86.18
2025-01-01,government_ngos,Brazil,retained,1,0.0,75.85
2025-01-01,government_ngos,Canada,retained,1,0.0,271.64
2025-01-01,government_ngos,Germany,retained,2,0.0,352.11
2025-01-01,government_ngos,India,retained,2,0.0,404.28
2025-01-01,government_ngos,Netherlands,retained,1,0.0,141.0
2025-01-01,government_ngos,Spain,retained,1,0.0,40.5
2025-01-01,government_ngos,United Kingdom,retained,2,0.0,277.76
2025-01-01,government_ngos,United States,retained,1,0.0,68.57
2025-02-01,b2b_course_sellers,Australia,retained,1,0.0,26.18
2025-02-01,b2b_course_sellers,Germany,retained,2,0.0,542.45
2025-02-01,b2b_course_sellers,India,retained,2,0.0,104.0
2025-02-01,b2b_course_sellers,Netherlands,retained,1,0.0,86.18
2025-02-01,b2b_course_sellers,United Kingdom,retained,4,0.0,654.81
2025-02-01,b2c_course_sellers,Canada,retained,1,0.0,78.46
2025-02-01,b2c_course_sellers,France,retained,1,0.0,86.18
2025-02-01,b2c_course_sellers,Germany,retained,1,0.0,26.18
2025-02-01,b2c_course_sellers,India,retained,1,0.0,262.78
2025-02-01,b2c_course_sellers,Netherlands,expansion,1,7.72,23.73
2025-02-01,b2c_course_sellers,Spain,retained,2,0.0,112.36
2025-02-01,b2c_course_sellers,United Kingdom,retained,1,0.0,266.05
2025-02-01,b2c_course_sellers,United States,retained,1,0.0,24.63
2025-02-01,corporate_training,Australia,retained,1,0.0,85.71
2025-02-01,corporate_training,Brazil,retained,1,0.0,25.36
2025-02-01,corporate_training,Canada,retained,1,0.0,86.18
2025-02-01,corporate_training,France,retained,1,0.0,83.58
2025-02-01,corporate_training,Germany,retained,2,0.0,112.36
2025-02-01,corporate_training,India,retained,2,0.0,169.76
2025-02-01,corporate_training,Netherlands,retained,1,0.0,86.18
2025-02-01,corporate_training,Spain,retained,1,0.0,17.82
2025-02-01,corporate_training,United Kingdom,retained,2,0.0,112.36
2025-02-01,corporate_training,United States,retained,3,0.0,197.79
2025-02-01,customer_training,Australia,retained,1,0.0,271.64
2025-02-01,customer_training,Brazil,retained,2,0.0,356.78
2025-02-01,customer_training,France,retained,2,0.0,109.58
2025-02-01,customer_training,Germany,retained,3,0.0,443.62
2025-02-01,customer_training,Netherlands,expansion,1,3.98,266.12
2025-02-01,government_ngos,Australia,retained,1,0.0,86.18
2025-02-01,government_ngos,Brazil,retained,1,0.0,75.85
2025-02-01,government_ngos,Canada,retained,1,0.0,271.64
2025-02-01,government_ngos,Germany,retained,2,0.0,352.11
2025-02-01,government_ngos,India,retained,1,0.0,263.28
2025-02-01,government_ngos,United Kingdom,expansion,1,17.61,269.19
2025-02-01,government_ngos,United Kingdom,retained,1,0.0,26.18
2025-02-01,government_ngos,United States,retained,1,0.0,68.57
2025-03-01,b2b_course_sellers,Australia,retained,1,0.0,26.18
2025-03-01,b2b_course_sellers,Germany,retained,2,0.0,542.45
2025-03-01,b2b_course_sellers,India,retained,2,0.0,104.0
2025-03-01,b2b_course_sellers,Netherlands,retained,1,0.0,86.18
2025-03-01,b2b_course_sellers,United Kingdom,retained,4,0.0,654.81
2025-03-01,b2c_course_sellers,Canada,retained,1,0.0,78.46
2025-03-01,b2c_course_sellers,Germany,retained,1,0.0,26.18
2025-03-01,b2c_course_sellers,India,expansion,1,4.88,267.66
2025-03-01,b2c_course_sellers,Netherlands,retained,1,0.0,23.73
2025-03-01,b2c_course_sellers,Spain,retained,2,0.0,112.36
2025-03-01,b2c_course_sellers,United Kingdom,expansion,1,5.59,271.64
2025-03-01,b2c_course_sellers,United States,retained,1,0.0,24.63
2025-03-01,corporate_training,Australia,retained,1,0.0,85.71
2025-03-01,corporate_training,Brazil,retained,1,0.0,25.36
2025-03-01,corporate_training,Canada,retained,1,0.0,86.18
2025-03-01,corporate_training,France,retained,1,0.0,83.58
2025-03-01,corporate_training,Germany,retained,2,0.0,112.36
2025-03-01,corporate_training,India,retained,2,0.0,169.76
2025-03-01,corporate_training,Netherlands,retained,1,0.0,86.18
2025-03-01,corporate_training,Spain,expansion,1,8.36,26.18
2025-03-01,corporate_training,United Kingdom,retained,2,0.0,112.36
2025-03-01,corporate_training,United States,retained,3,0.0,197.79
2025-03-01,customer_training,Australia,retained,1,0.0,271.64
2025-03-01,customer_training,Brazil,retained,2,0.0,356.78
2025-03-01,customer_training,France,expansion,1,2.78,26.18
2025-03-01,customer_training,France,retained,1,0.0,86.18
2025-03-01,customer_training,Germany,retained,3,0.0,443.62
2025-03-01,customer_training,Netherlands,retained,1,0.0,266.12
2025-03-01,government_ngos,Australia,retained,1,0.0,86.18
2025-03-01,government_ngos,Brazil,retained,1,0.0,75.85
2025-03-01,government_ngos,Canada,retained,1,0.0,271.64
2025-03-01,government_ngos,Germany,retained,2,0.0,352.11
2025-03-01,government_ngos,India,retained,1,0.0,263.28
2025-03-01,government_ngos,United Kingdom,retained,2,0.0,295.37
2025-03-01,government_ngos,United States,retained,1,0.0,68.57
2025-04-01,b2b_course_sellers,Australia,retained,1,0.0,26.18
2025-04-01,b2b_course_sellers,Germany,retained,1,0.0,270.81
2025-04-01,b2b_course_sellers,India,retained,2,0.0,104.0
2025-04-01,b2b_course_sellers,United Kingdom,retained,3,0.0,383.17
2025-04-01,b2c_course_sellers,Canada,retained,1,0.0,78.46
2025-04-01,b2c_course_sellers,Germany,retained,1,0.0,26.18
2025-04-01,b2c_course_sellers,India,retained,1,0.0,267.66
2025-04-01,b2c_course_sellers,Netherlands,retained,1,0.0,23.73
2025-04-01,b2c_course_sellers,Spain,retained,2,0.0,112.36
2025-04-01,b2c_course_sellers,United Kingdom,retained,1,0.0,271.64
2025-04-01,b2c_course_sellers,United States,retained,1,0.0,24.63
2025-04-01,corporate_training,Australia,retained,1,0.0,85.71
2025-04-01,corporate_training,Brazil,retained,1,0.0,25.36
2025-04-01,corporate_training,Canada,retained,1,0.0,86.18
2025-04-01,corporate_training,France,retained,1,0.0,83.58
2025-04-01,corporate_training,Germany,retained,1,0.0,26.18
2025-04-01,corporate_training,India,retained,2,0.0,169.76
2025-04-01,corporate_training,Netherlands,retained,1,0.0,86.18
2025-04-01,corporate_training,Spain,retained,1,0.0,26.18
2025-04-01,corporate_training,United Kingdom,retained,2,0.0,112.36
2025-04-01,corporate_training,United States,retained,3,0.0,197.79
2025-04-01,customer_training,Australia,retained,1,0.0,271.64
2025-04-01,customer_training,Brazil,retained,2,0.0,356.78
2025-04-01,customer_training,France,retained,2,0.0,112.36
2025-04-01,customer_training,Germany,retained,2,0.0,171.98
2025-04-01,customer_training,Netherlands,retained,1,0.0,266.12
2025-04-01,government_ngos,Australia,retained,1,0.0,86.18
2025-04-01,government_ngos,Brazil,retained,1,0.0,75.85
2025-04-01,government_ngos,Canada,retained,1,0.0,271.64
2025-04-01,government_ngos,Germany,expansion,1,4.88,86.18
2025-04-01,government_ngos,Germany,retained,1,0.0,270.81
2025-04-01,government_ngos,India,retained,1,0.0,263.28
2025-04-01,government_ngos,United Kingdom,retained,2,0.0,295.37
2025-04-01,government_ngos,United States,retained,1,0.0,68.57
2025-05-01,b2b_course_sellers,Australia,retained,1,0.0,26.18
2025-05-01,b2b_course_sellers,Germany,retained,1,0.0,270.81
2025-05-01,b2b_course_sellers,India,expansion,1,8.36,26.18
2025-05-01,b2b_course_sellers,India,retained,1,0.0,86.18
2025-05-01,b2b_course_sellers,United Kingdom,retained,3,0.0,383.17
2025-05-01,b2c_course_sellers,Canada,expansion,1,7.72,86.18
2025-05-01,b2c_course_sellers,Germany,retained,1,0.0,26.18
2025-05-01,b2c_course_sellers,India,expansion,1,3.98,271.64
2025-05-01,b2c_course_sellers,Netherlands,expansion,1,2.45,26.18
2025-05-01,b2c_course_sellers,Spain,retained,2,0.0,112.36
2025-05-01,b2c_course_sellers,United Kingdom,retained,1,0.0,271.64
2025-05-01,b2c_course_sellers,United States,retained,1,0.0,24.63
2025-05-01,corporate_training,Australia,retained,1,0.0,85.71
2025-05-01,corporate_training,Brazil,expansion,1,0.25,25.61
2025-05-01,corporate_training,Canada,retained,1,0.0,86.18
2025-05-01,corporate_training,France,retained,1,0.0,83.58
2025-05-01,corporate_training,Germany,retained,1,0.0,26.18
2025-05-01,corporate_training,India,expansion,1,2.6,86.18
2025-05-01,corporate_training,Netherlands,retained,1,0.0,86.18
2025-05-01,corporate_training,Spain,retained,1,0.0,26.18
2025-05-01,corporate_training,United Kingdom,retained,2,0.0,112.36
2025-05-01,corporate_training,United States,retained,3,0.0,197.79
2025-05-01,customer_training,Australia,retained,1,0.0,271.64
2025-05-01,customer_training,Brazil,retained,2,0.0,356.78
2025-05-01,customer_training,France,retained,2,0.0,112.36
2025-05-01,customer_training,Germany,retained,2,0.0,171.98
2025-05-01,customer_training,Netherlands,retained,1,0.0,266.12
2025-05-01,government_ngos,Brazil,expansion,1,7.72,83.57
2025-05-01,government_ngos,Canada,retained,1,0.0,271.64
2025-05-01,government_ngos,Germany,retained,2,0.0,356.99
2025-05-01,government_ngos,India,expansion,1,8.36,271.64
2025-05-01,government_ngos,United Kingdom,retained,2,0.0,295.37
2025-05-01,government_ngos,United States,retained,1,0.0,68.57
2025-06-01,b2b_course_sellers,Australia,retained,1,0.0,26.18
2025-06-01,b2b_course_sellers,Germany,retained,1,0.0,270.81
2025-06-01,b2b_course_sellers,India,retained,1,0.0,26.18
2025-06-01,b2b_course_sellers,United Kingdom,retained,3,0.0,383.17
2025-06-01,b2c_course_sellers,Canada,retained,1,0.0,86.18
2025-06-01,b2c_course_sellers,Germany,retained,1,0.0,26.18
2025-06-01,b2c_course_sellers,India,retained,1,0.0,271.64
2025-06-01,b2c_course_sellers,Netherlands,retained,1,0.0,26.18
2025-06-01,b2c_course_sellers,Spain,retained,2,0.0,112.36
2025-06-01,b2c_course_sellers,United Kingdom,retained,1,0.0,271.64
2025-06-01,b2c_course_sellers,United States,retained,1,0.0,24.63
2025-06-01,corporate_training,Australia,retained,1,0.0,85.71
2025-06-01,corporate_training,Brazil,expansion,1,0.57,26.18
2025-06-01,corporate_training,Canada,retained,1,0.0,86.18
2025-06-01,corporate_training,France,retained,1,0.0,83.58
2025-06-01,corporate_training,Germany,retained,1,0.0,26.18
2025-06-01,corporate_training,Netherlands,retained,1,0.0,86.18
2025-06-01,corporate_training,Spain,retained,1,0.0,26.18
2025-06-01,corporate_training,United Kingdom,retained,2,0.0,112.36
2025-06-01,corporate_training,United States,retained,3,0.0,197.79
2025-06-01,customer_training,Australia,retained,1,0.0,271.64
2025-06-01,customer_training,Brazil,retained,2,0.0,356.78
2025-06-01,customer_training,France,retained,1,0.0,86.18
2025-06-01,customer_training,Germany,expansion,1,0.38,86.18
2025-06-01,customer_training,Germany,retained,1,0.0,86.18
2025-06-01,customer_training,Netherlands,expansion,1,3.97,270.09
2025-06-01,government_ngos,Brazil,retained,1,0.0,83.57
2025-06-01,government_ngos,Canada,retained,1,0.0,271.64
2025-06-01,government_ngos,Germany,retained,1,0.0,270.81
2025-06-01,government_ngos,India,retained,1,0.0,271.64
2025-06-01,government_ngos,United Kingdom,retained,2,0.0,295.37
2025-06-01,government_ngos,United States,expansion,1,17.61,86.18
2025-07-01,b2b_course_sellers,Germany,retained,1,0.0,270.81
2025-07-01,b2b_course_sellers,India,retained,1,0.0,26.18
2025-07-01,b2b_course_sellers,United Kingdom,retained,3,0.0,383.17
2025-07-01,b2c_course_sellers,Canada,retained,1,0.0,86.18
2025-07-01,b2c_course_sellers,Germany,retained,1,0.0,26.18
2025-07-01,b2c_course_sellers,India,retained,1,0.0,271.64
2025-07-01,b2c_course_sellers,Netherlands,retained,1,0.0,26.18
2025-07-01,b2c_course_sellers,Spain,retained,1,0.0,86.18
2025-07-01,b2c_course_sellers,United Kingdom,retained,1,0.0,271.64
2025-07-01,b2c_course_sellers,United States,retained,1,0.0,24.63
2025-07-01,corporate_training,Australia,retained,1,0.0,85.71
2025-07-01,corporate_training,Canada,retained,1,0.0,86.18
2025-07-01,corporate_training,France,retained,1,0.0,83.58
2025-07-01,corporate_training,Germany,retained,1,0.0,26.18
2025-07-01,corporate_training,Netherlands,retained,1,0.0,86.18
2025-07-01,corporate_training,Spain,retained,1,0.0,26.18
2025-07-01,corporate_training,United Kingdom,retained,2,0.0,112.36
2025-07-01,corporate_training,United States,expansion,1,0.75,86.18
2025-07-01,corporate_training,United States,retained,2,0.0,112.36
2025-07-01,customer_training,Australia,retained,1,0.0,271.64
2025-07-01,customer_training,Brazil,expansion,1,0.47,86.18
2025-07-01,customer_training,Brazil,retained,1,0.0,271.07
2025-07-01,customer_training,France,retained,1,0.0,86.18
2025-07-01,customer_training,Germany,retained,2,0.0,172.36
2025-07-01,customer_training,Netherlands,retained,1,0.0,270.09
2025-07-01,government_ngos,Brazil,retained,1,0.0,83.57
2025-07-01,government_ngos,Canada,retained,1,0.0,271.64
2025-07-01,government_ngos,Germany,retained,1,0.0,270.81
2025-07-01,government_ngos,India,retained,1,0.0,271.64
2025-07-01,government_ngos,United Kingdom,expansion,1,2.45,271.64
2025-07-01,government_ngos,United Kingdom,retained,1,0.0,26.18
2025-07-01,government_ngos,United States,retained,1,0.0,86.18
2025-08-01,b2b_course_sellers,Germany,retained,1,0.0,270.81
2025-08-01,b2b_course_sellers,India,retained,1,0.0,26.18
2025-08-01,b2b_course_sellers,United Kingdom,expansion,1,0.83,271.64
2025-08-01,b2b_course_sellers,United Kingdom,retained,1,0.0,86.18
2025-08-01,b2c_course_sellers,Germany,retained,1,0.0,26.18
2025-08-01,b2c_course_sellers,India,retained,1,0.0,271.64
2025-08-01,b2c_course_sellers,Spain,retained,1,0.0,86.18
2025-08-01,b2c_course_sellers,United States,expansion,1,1.55,26.18
2025-08-01,corporate_training,Australia,retained,1,0.0,85.71
2025-08-01,corporate_training,Canada,retained,1,0.0,86.18
2025-08-01,corporate_training,France,expansion,1,2.6,86.18
2025-08-01,corporate_training,Germany,retained,1,0.0,26.18
2025-08-01,corporate_training,Netherlands,retained,1,0.0,86.18
2025-08-01,corporate_training,Spain,retained,1,0.0,26.18
2025-08-01,corporate_training,United Kingdom,retained,2,0.0,112.36
2025-08-01,corporate_training,United States,retained,3,0.0,198.54
2025-08-01,customer_training,Australia,retained,1,0.0,271.64
2025-08-01,customer_training,Brazil,retained,2,0.0,357.25
2025-08-01,customer_training,Netherlands,expansion,1,1.55,271.64
2025-08-01,government_ngos,Brazil,expansion,1,0.83,84.4
2025-08-01,government_ngos,Canada,retained,1,0.0,271.64
2025-08-01,government_ngos,Germany,retained,1,0.0,270.81
2025-08-01,government_ngos,India,retained,1,0.0,271.64
2025-08-01,government_ngos,United Kingdom,retained,2,0.0,297.82
2025-08-01,government_ngos,United States,retained,1,0.0,86.18
2025-09-01,b2b_course_sellers,Germany,retained,1,0.0,270.81
2025-09-01,b2b_course_sellers,India,retained,1,0.0,26.18
2025-09-01,b2c_course_sellers,United States,retained,1,0.0,26.18
2025-09-01,corporate_training,Australia,expansion,1,0.47,86.18
2025-09-01,corporate_training,Canada,retained,1,0.0,86.18
2025-09-01,corporate_training,Germany,retained,1,0.0,26.18
2025-09-01,corporate_training,Netherlands,retained,1,0.0,86.18
2025-09-01,corporate_training,United Kingdom,retained,2,0.0,112.36
2025-09-01,corporate_training,United States,retained,2,0.0,172.36
2025-09-01,customer_training,Australia,retained,1,0.0,271.64
2025-09-01,customer_training,Brazil,expansion,1,0.57,271.64
2025-09-01,customer_training,Netherlands,retained,1,0.0,271.64
2025-09-01,government_ngos,Brazil,expansion,1,1.78,86.18
2025-09-01,government_ngos,Canada,retained,1,0.0,271.64
2025-09-01,government_ngos,Germany,retained,1,0.0,270.81
2025-09-01,government_ngos,India,retained,1,0.0,271.64
2025-09-01,government_ngos,United Kingdom,retained,2,0.0,297.82
2025-09-01,government_ngos,United States,retained,1,0.0,86.18
2025-10-01,b2b_course_sellers,Germany,expansion,1,0.83,271.64
2025-10-01,b2b_course_sellers,India,retained,1,0.0,26.18
2025-10-01,corporate_training,Australia,retained,1,0.0,86.18
2025-10-01,corporate_training,Canada,retained,1,0.0,86.18
2025-10-01,corporate_training,Netherlands,retained,1,0.0,86.18
2025-10-01,government_ngos,Canada,retained,1,0.0,271.64
2025-10-01,government_ngos,Germany,expansion,1,0.83,271.64
2025-10-01,government_ngos,India,retained,1,0.0,271.64
2025-10-01,government_ngos,United Kingdom,retained,1,0.0,26.18
2025-10-01,government_ngos,United States,retained,1,0.0,86.18
